time[s],ax[m/s^2],ay[m/s^2],az[m/s^2]
0,-0.01348,0.03282,0.35626
0.002,-0.01348,0.03282,0.35626
0.013,-0.02506,0.0527,0.21625
0.031,-0.07459,0.19686,-0.59609
0.043,0.0157,-0.02285,0.26016
0.053,0.0157,-0.02285,0.26016
0.064,-0.01605,0.00946,0.2946
0.075,0.05394,0.10176,0.10825
0.088,0.01096,-0.02598,0.10402
0.099,0.01096,-0.02598,0.10402
0.11,-0.04509,0.04001,0.11264
0.12,-0.04509,0.04001,0.11264
0.139,0.05057,-0.00081,0.06738
0.151,0.05057,-0.00081,0.06738
0.161,0.04958,0.0941,0.03852
0.172,0.02863,0.22036,0.05221
0.188,0.05266,0.28654,0.01496
0.199,0.05266,0.28654,0.01496
0.209,0.00529,0.29053,0.05305
0.22,0.00529,0.29053,0.05305
0.23,0.04436,0.2188,0.06519
0.241,0.0244,0.11464,0.08626
0.254,0.0244,0.11464,0.08626
0.265,0.02556,0.16838,0.05966
0.276,0.04769,0.13849,0.05113
0.287,0.04769,0.13849,0.05113
0.305,0.00314,-0.06905,0.06479
0.316,0.00314,-0.06905,0.06479
0.327,-0.04237,-0.0261,0.07988
0.338,-0.0851,-0.02014,0.11185
0.355,0.06974,-0.0759,0.03727
0.366,0.06974,-0.0759,0.03727
0.377,0.02287,0.05727,0.0946
0.387,0.02287,0.05727,0.0946
0.398,0.05296,0.25776,0.04318
0.408,0.00379,0.50964,0.06928
0.42,0.00379,0.50964,0.06928
0.432,0.05775,0.60864,0.03885
0.442,0.03035,0.30164,0.07125
0.453,0.03035,0.30164,0.07125
0.471,0.08404,0.18499,0.05741
0.482,0.03718,0.04602,0.10403
0.492,0.05259,0.04189,0.07303
0.503,0.05259,0.04189,0.07303
0.521,0.03342,-0.21851,0.0718
0.533,0.01953,-0.38689,0.09725
0.542,0.02859,-0.70524,0.1168
0.553,0.02859,-0.70524,0.1168
0.57,0.03188,-0.86988,0.0592
0.582,0.02037,-0.41143,0.08235
0.593,0.06361,-0.13911,0.08594
0.604,0.06361,-0.13911,0.08594
0.621,-0.02345,-0.18699,0.11005
0.631,-0.02345,-0.18699,0.11005
0.642,-0.14656,0.42433,0.16116
0.653,-0.14656,0.42433,0.16116
0.664,-0.22934,0.61449,0.22172
0.674,0.3097,-0.13164,-0.15682
0.687,0.3097,-0.13164,-0.15682
0.697,-0.03669,-0.06033,-0.04908
0.708,0.05187,0.22319,0.12448
0.719,0.05187,0.22319,0.12448
0.738,-0.01373,-0.18487,0.09754
0.749,-0.01373,-0.18487,0.09754
0.76,0.11326,-0.01116,0.05405
0.771,0.03024,0.16625,0.07213
0.788,0.03368,0.53629,0.06931
0.799,0.03368,0.53629,0.06931
0.809,0.04715,0.7144,0.04881
0.82,0.04715,0.7144,0.04881
0.831,0.07832,0.7383,-0.05859
0.841,0.0941,0.33139,-0.02936
0.854,0.0941,0.33139,-0.02936
0.865,-0.06699,0.21873,0.13264
0.876,0.12772,0.38428,-0.04641
0.886,0.12772,0.38428,-0.04641
0.905,0.02479,0.29001,0.02052
0.916,0.02479,0.29001,0.02052
0.928,0.02676,0.29382,0.05038
0.938,-0.00629,-0.01764,0.1115
0.954,-0.00629,-0.01764,0.1115
0.965,0.01823,0.02186,0.0629
0.976,0.06231,-0.00789,0.01723
0.986,0.06231,-0.00789,0.01723
0.996,-0.05223,0.40752,0.08531
1.007,0.0047,0.40551,0.09247
1.02,0.0047,0.40551,0.09247
1.031,0.06935,-0.22927,0.02933
1.042,0.00524,-0.08595,-0.00346
1.053,0.00524,-0.08595,-0.00346
1.071,-0.06229,-0.0094,0.07984
1.082,-0.06229,-0.0094,0.07984
1.092,0.0954,-0.21034,0.02066
1.103,0.0954,-0.21034,0.02066
1.121,0.10442,0.34636,-0.07285
1.133,0.10442,0.34636,-0.07285
1.145,-0.05854,0.18506,0.11207
1.155,0.16733,0.79102,-0.11518
1.17,0.16733,0.79102,-0.11518
1.182,0.16952,0.33734,-0.00643
1.193,0.01984,0.49539,0.03028
1.203,0.01984,0.49539,0.03028
1.213,0.06615,0.3271,0.00143
1.224,-0.15309,0.38886,0.03784
1.237,-0.15309,0.38886,0.03784
1.247,-0.06618,0.28689,0.08393
1.258,-0.01689,0.12151,0.09557
1.269,-0.01689,0.12151,0.09557
1.288,0.09926,-0.25495,0.05756
1.3,0.09926,-0.25495,0.05756
1.312,0.06671,-0.36813,0.06667
1.323,0.05936,-0.49324,0.05689
1.337,0.07242,-0.25759,0.03374
1.348,0.07242,-0.25759,0.03374
1.359,0.03138,-0.08175,0.06452
1.37,0.03138,-0.08175,0.06452
1.38,0.08762,-0.07533,0.00463
1.391,-0.01918,-0.06106,0.05228
1.404,-0.01918,-0.06106,0.05228
1.415,-0.20009,0.04691,0.1231
1.426,0.05642,0.32317,0.08076
1.437,0.05642,0.32317,0.08076
1.454,0.09033,0.58596,-0.03348
1.464,0.09033,0.58596,-0.03348
1.475,-0.17821,1.64986,-0.12543
1.486,-0.17821,1.64986,-0.12543
1.496,0.22086,-0.08553,-0.12867
1.507,-0.03528,0.3198,0.15363
1.52,-0.03528,0.3198,0.15363
1.531,0.02084,0.42315,0.03681
1.542,-0.00273,0.12303,0.0337
1.553,-0.00273,0.12303,0.0337
1.571,0.06334,0.09987,-0.00922
1.582,0.01671,0.22194,0.10042
1.593,0.01115,0.0824,0.05013
1.603,0.01115,0.0824,0.05013
1.622,0.03191,0.00276,0.05104
1.634,0.03191,0.00276,0.05104
1.646,0.07354,-0.2523,0.04619
1.657,0.07605,-0.25436,0.02963
1.671,0.07605,-0.25436,0.02963
1.682,0.05371,-0.01457,0.01509
1.693,0.015,0.041,0.04588
1.703,0.015,0.041,0.04588
1.714,0.00894,0.34551,0.04263
1.725,0.04888,0.35747,0.00718
1.737,0.04888,0.35747,0.00718
1.748,0.0508,0.26248,0.00282
1.759,0.04556,0.19151,0.01885
1.77,0.04556,0.19151,0.01885
1.788,0.0186,0.09026,0.02325
1.799,0.0186,0.09026,0.02325
1.808,0.02201,0.07274,0.04853
1.819,0.02201,0.07274,0.04853
1.829,0.01978,0.1836,0.03609
1.839,0.04721,0.12568,0.03736
1.854,0.04721,0.12568,0.03736
1.865,0.02447,0.0345,0.00499
1.876,0.03532,0.04929,0.03854
1.887,0.03532,0.04929,0.03854
1.904,0.04048,-0.03223,0.03766
1.916,0.04048,-0.03223,0.03766
1.926,0.04336,0.05382,0.0425
1.937,0.04336,0.05382,0.0425
1.957,0.10252,0.35512,0.00506
1.958,-0.03039,-0.28365,0.06572
1.969,-0.03039,-0.28365,0.06572
1.979,0.00357,0.03352,0.02167
1.99,-0.02578,0.09013,0.04201
2,-0.02578,0.09013,0.04201
2.013,0.0456,0.04186,0.05986
2.022,0.11407,0.30348,0.02687
2.032,0.11407,0.30348,0.02687
2.042,0.04527,0.14728,0.04726
2.055,0.08443,0.26118,-0.01073
2.067,0.08443,0.26118,-0.01073
2.077,-0.01655,0.08178,0.06257
2.088,0.04093,0.21598,0.00863
2.099,0.04093,0.21598,0.00863
2.109,0.00266,0.218,0.00832
2.122,0.0815,0.10549,0.03354
2.132,0.0815,0.10549,0.03354
2.143,0.0751,0.11469,0.0415
2.153,0.0751,0.11469,0.0415
2.174,-0.04156,-0.21953,0.27364
2.185,-0.04156,-0.21953,0.27364
2.197,0.0183,0.25709,0.12712
2.208,0.05592,0.21582,-0.01131
2.224,0.0643,0.17482,0.0289
2.235,0.0643,0.17482,0.0289
2.246,-0.0027,0.08424,-0.0476
2.256,-0.0027,0.08424,-0.0476
2.267,0.01159,0.14028,0.12541
2.287,-0.03761,0.21942,0.02345
2.298,0.06198,0.22257,-0.12242
2.313,0.06198,0.22257,-0.12242
2.323,-0.00353,-0.02437,0.08387
2.339,-0.04935,-0.19734,0.12258
2.35,-0.04935,-0.19734,0.12258
2.361,0.04547,-0.08449,0.01809
2.372,0.11085,0.30015,0.00647
2.383,0.11085,0.30015,0.00647
2.393,0.04729,0.34266,-0.00174
2.405,0.04007,0.29601,0.0269
2.416,0.04007,0.29601,0.0269
2.427,0.07817,0.17088,0.01897
2.438,0.07817,0.17088,0.01897
2.456,0.04969,0.15832,0.02469
2.467,0.04969,0.15832,0.02469
2.478,0.09131,0.20497,-0.01105
2.489,0.11944,0.32762,-0.02005
2.506,0.18783,0.09748,-0.09018
2.517,0.18783,0.09748,-0.09018
2.528,0.04815,-0.00997,-0.07275
2.538,0.04815,-0.00997,-0.07275
2.549,-0.13006,-0.20125,-0.02628
2.559,-0.01846,-0.02823,0.30496
2.57,-0.01846,-0.02823,0.30496
2.581,-0.35268,0.19535,-0.08781
2.592,-0.16893,-0.1243,0.16536
2.603,-0.16893,-0.1243,0.16536
2.622,-0.07965,0.09873,0.15095
2.633,-0.07965,0.09873,0.15095
2.644,0.23325,0.31321,0.21413
2.655,0.23325,0.31321,0.21413
2.672,0.2997,0.37165,-0.02544
2.684,0.2997,0.37165,-0.02544
2.695,-0.02203,0.20635,0.22262
2.705,-0.01807,-0.02482,0.02149
2.722,0.03454,0.08415,0.13167
2.734,0.03454,0.08415,0.13167
2.745,0.1494,-0.01324,-0.02776
2.756,0.2153,0.02593,0.06635
2.773,0.06957,0.25207,0.01666
2.784,0.06957,0.25207,0.01666
2.795,-0.01623,0.19271,0.17112
2.805,0.11422,0.03861,0.11725
2.817,0.11422,0.03861,0.11725
2.827,0.11091,-0.07319,-0.00071
2.838,0.20113,-0.18783,0.06293
2.849,0.20113,-0.18783,0.06293
2.86,-0.13059,0.04269,0.02524
2.87,-0.13059,0.04269,0.02524
2.888,0.10032,-0.0906,-0.14572
2.899,0.10032,-0.0906,-0.14572
2.909,0.12171,-0.16421,0.09148
2.92,0.12171,-0.16421,0.09148
2.939,0.08348,-0.09497,0.00433
2.951,0.08348,-0.09497,0.00433
2.963,0.24794,0.13594,-0.02
2.974,-0.1866,-0.18518,-0.0627
2.989,0.11634,-0.15667,-0.165
3.001,0.11634,-0.15667,-0.165
3.011,0.03932,-0.15346,0.1404
3.022,-0.03463,-0.16097,-0.01926
3.033,-0.03463,-0.16097,-0.01926
3.044,-0.03572,-0.00364,-0.02821
3.054,-0.03572,-0.00364,-0.02821
3.065,0.06399,0.11064,-0.03596
3.076,0.0262,0.18758,0.10181
3.087,0.0262,0.18758,0.10181
3.105,0.00373,0.5844,0.20977
3.117,0.00373,0.5844,0.20977
3.128,-0.00978,0.97577,-0.02102
3.139,0.27773,1.12067,-0.18455
3.155,0.04195,0.92929,-0.10117
3.166,0.04195,0.92929,-0.10117
3.177,-0.22248,0.92643,0.1703
3.188,-0.16469,0.97743,0.12665
3.199,-0.16469,0.97743,0.12665
3.209,-0.10296,0.81478,-0.14306
3.221,0.3224,1.09367,-0.24229
3.232,0.3224,1.09367,-0.24229
3.243,-0.07334,-0.00908,0.95358
3.253,-0.07334,-0.00908,0.95358
3.263,0.2571,0.18165,-0.65908
3.278,-0.10045,-0.20475,0.11983
3.29,-0.10045,-0.20475,0.11983
3.3,0.07909,-0.01711,-0.22686
3.311,0.05214,-0.22888,-0.03268
3.322,0.05214,-0.22888,-0.03268
3.334,0.31175,-0.54374,-0.29923
3.345,-0.37096,-0.19271,0.42259
3.356,-0.37096,-0.19271,0.42259
3.367,-0.04719,-0.33444,-0.00794
3.39,0.05311,-0.64204,0.17519
3.39,-0.01937,-0.28882,-0.01943
3.402,-0.01937,-0.28882,-0.01943
3.412,0.01144,-0.20633,0.11647
3.423,0.11855,-0.21033,0.08221
3.442,-0.02968,0.01031,0.08736
3.452,-0.02968,0.01031,0.08736
3.463,0.07687,-0.05019,0.00092
3.473,0.07687,-0.05019,0.00092
3.491,-0.02306,-0.04551,0.12074
3.502,-0.02306,-0.04551,0.12074
3.512,-0.05006,0.03061,0.02805
3.522,-0.05006,0.03061,0.02805
3.533,-0.00508,0.19095,0.10714
3.546,0.07838,0.26145,-0.06051
3.558,0.11468,0.26113,-0.29516
3.569,0.11468,0.26113,-0.29516
3.579,0.01209,0.1288,0.03569
3.59,-0.1856,0.70954,0.21159
3.606,-0.02509,0.37689,-0.16442
3.62,-0.02509,0.37689,-0.16442
3.63,-0.00638,0.12275,0.01926
3.642,0.08398,0.28273,-0.03729
3.658,0.04791,0.25681,-0.04023
3.668,0.04791,0.25681,-0.04023
3.68,-0.07319,0.1949,0.07755
3.691,-0.03943,0.17939,0.02749
3.701,-0.03943,0.17939,0.02749
3.721,0.0773,0.0935,-0.08354
3.734,0.07697,0.05664,0.05199
3.745,0.01376,0.11464,0.0142
3.756,-0.00275,0.06949,-0.00265
3.768,-0.00275,0.06949,-0.00265
3.779,0.02902,0.09,0.03481
3.79,0.04557,-0.02084,-0.00602
3.801,0.04557,-0.02084,-0.00602
3.812,0.01242,-0.06327,0.04442
3.823,0.03291,-0.02011,0.01858
3.837,0.03291,-0.02011,0.01858
3.848,0.08672,0.08275,-0.04418
3.859,0.03553,0.1319,-0.01206
3.87,0.03553,0.1319,-0.01206
3.889,0.03948,0.14783,-0.00453
3.901,0.03948,0.14783,-0.00453
3.911,0.06751,0.22946,-0.04543
3.922,0.02334,0.38481,0.03889
3.939,-0.00153,0.74633,0.00802
3.95,-0.00153,0.74633,0.00802
3.961,-0.07739,0.93541,0.03842
3.972,-0.02648,0.80805,0.01209
3.989,0.02821,0.75208,0.00226
3.999,0.02821,0.75208,0.00226
4.01,0.031,0.6795,-0.01085
4.02,0.031,0.6795,-0.01085
4.03,0.01488,0.42272,-0.00978
4.041,0.02758,0.24506,-0.02425
4.055,0.03463,0.16771,0.07674
4.066,0.03463,0.16771,0.07674
4.076,0.01932,0.12923,0.00373
4.088,0.01932,0.12923,0.00373
4.106,0.01538,-0.11383,-0.03062
4.117,0.01538,-0.11383,-0.03062
4.128,0.14856,-0.23696,0.02145
4.139,0.06748,-0.44436,-0.05535
4.155,0.06748,-0.44436,-0.05535
4.166,-0.0372,-0.50101,0.05339
4.177,-0.00065,-0.16901,-0.1724
4.188,-0.01312,-0.04237,-0.16563
4.203,-0.01312,-0.04237,-0.16563
4.221,0.00296,0.02367,-0.11636
4.233,0.00296,0.02367,-0.11636
4.244,0.04671,0.20317,-0.10964
4.255,0.02426,0.17502,-0.10318
4.266,0.02426,0.17502,-0.10318
4.276,-0.00454,0.16366,-0.02134
4.287,-0.00454,0.16366,-0.02134
4.297,0.02698,0.24301,-0.09177
4.308,-0.01504,0.2788,-0.05831
4.324,-0.06265,0.53477,-0.3703
4.334,-0.06265,0.53477,-0.3703
4.345,0.05683,0.60395,-0.14645
4.356,-0.14467,0.69277,0.29121
4.367,-0.14467,0.69277,0.29121
4.377,0.01435,0.63782,-0.08953
4.389,0.0394,0.68583,0.07953
4.4,0.0394,0.68583,0.07953
4.411,0.03639,0.43079,0.3559
4.422,0.20881,0.13417,0.17543
4.439,0.05013,0.30881,-0.43911
4.45,0.05013,0.30881,-0.43911
4.461,-0.12001,0.29672,-0.0358
4.471,0.0018,0.26685,0.00878
4.482,0.0018,0.26685,0.00878
4.492,-0.00164,0.14566,-0.03539
4.506,0.0548,-0.18851,-0.13659
4.517,0.0548,-0.18851,-0.13659
4.528,0.03042,-0.18732,-0.14897
4.539,0.04627,-0.07359,-0.30942
4.557,0.13289,-0.04471,-0.30264
4.568,0.13289,-0.04471,-0.30264
4.579,-0.06251,0.28329,-0.10066
4.59,-0.1167,0.4472,0.12071
4.606,-0.03313,0.48476,0.04376
4.617,-0.03313,0.48476,0.04376
4.631,-0.03392,0.48492,0.04372
4.64,0.08178,0.38875,0.01532
4.657,-0.00012,0.34132,0.16088
4.668,-0.00012,0.34132,0.16088
4.679,-0.06449,0.55857,-0.12822
4.689,0.02964,0.49535,0.05905
4.7,0.02964,0.49535,0.05905
4.72,0.14033,0.44515,-0.20816
4.72,0.14033,0.44515,-0.20816
4.731,0.11806,0.54248,0.05498
4.743,-0.05186,0.50337,-0.09262
4.754,-0.05186,0.50337,-0.09262
4.772,-0.24342,-0.39813,0.26553
4.783,-0.24342,-0.39813,0.26553
4.794,0.0077,-0.71898,-0.01657
4.805,0.04997,-0.5554,-0.04205
4.822,-0.02494,-0.46766,0.06184
4.833,-0.02494,-0.46766,0.06184
4.843,0.02943,-0.22964,0.07607
4.853,0.02943,-0.22964,0.07607
4.864,0.05913,-0.14202,0.05168
4.874,0.10982,-0.19131,0.0314
4.887,0.10982,-0.19131,0.0314
4.898,-0.16787,-0.02623,0.2249
4.909,0.10296,-0.10777,-0.03631
4.92,0.10296,-0.10777,-0.03631
4.941,0.02875,-0.15105,0.08883
4.953,0.02875,-0.15105,0.08883
4.963,-0.09545,0.03993,0.02236
4.974,-0.09545,0.03993,0.02236
4.993,-0.04988,0.22915,0.0172
5.004,-0.04988,0.22915,0.0172
5.016,-0.15646,0.25578,0.051
5.026,0.17941,-0.10343,-0.00829
5.042,-0.10596,-0.08052,0.03942
5.053,-0.10596,-0.08052,0.03942
5.063,-0.06665,0.02967,0.02171
5.073,-0.06665,0.02967,0.02171
5.083,-0.05442,0.08177,0.11153
5.107,0.10203,0.30242,0.09022
5.107,0.14127,0.55052,-0.11737
5.118,0.14127,0.55052,-0.11737
5.129,-0.07363,0.88578,0.0125
5.141,0.01392,0.87306,-0.00183
5.157,0.03811,0.76026,0.01977
5.169,0.03811,0.76026,0.01977
5.179,0.11338,0.58914,-0.01416
5.189,0.06306,0.46815,0.00261
5.2,0.06306,0.46815,0.00261
5.221,-0.04348,0.54128,0.01435
5.221,-0.04348,0.54128,0.01435
5.231,-0.05426,0.51429,0.01847
5.242,-0.0619,0.3631,0.01551
5.253,-0.0619,0.3631,0.01551
5.274,0.05444,0.05887,0.03855
5.284,0.05444,0.05887,0.03855
5.295,-0.10292,0.13783,0.00856
5.306,-0.10292,0.13783,0.00856
5.324,-0.02755,-0.10936,-0.00376
5.335,-0.02755,-0.10936,-0.00376
5.345,-0.04807,-0.07374,-0.0345
5.355,-0.04807,-0.07374,-0.0345
5.366,0.07564,-0.02827,0.10779
5.377,0.1242,-0.00312,0.02829
5.39,0.13862,-0.0017,-0.01364
5.401,0.13862,-0.0017,-0.01364
5.412,0.06854,-0.01918,-0.00332
5.423,-0.01691,0.03204,0.021
5.438,-0.00123,0.2006,-0.00623
5.449,-0.00123,0.2006,-0.00623
5.46,0.03935,-0.00407,0.0891
5.471,0.03935,-0.00407,0.0891
5.481,0.08524,-0.18075,0.09858
5.493,0.10903,-0.43826,-0.03209
5.505,0.01559,-0.46894,0.04886
5.517,0.01559,-0.46894,0.04886
5.528,-0.04273,-0.30478,0.01826
5.539,-0.04273,-0.30478,0.01826
5.557,0.05573,-0.09958,-0.12595
5.568,0.05573,-0.09958,-0.12595
5.578,0.10774,0.02188,0.13834
5.589,0.10019,0.00716,0.02422
5.606,0.0437,0.06278,0.15887
5.617,0.0437,0.06278,0.15887
5.629,0.03036,0.25072,-0.06411
5.64,0.12159,0.1748,0.01629
5.656,-0.027,0.26335,-0.02306
5.667,-0.027,0.26335,-0.02306
5.677,-0.02996,0.31159,-0.08767
5.689,-0.04436,0.14388,-0.00471
5.699,-0.04436,0.14388,-0.00471
5.711,0.06006,0.15928,0.0505
5.723,0.07289,0.14471,0.03226
5.733,0.07289,0.14471,0.03226
5.744,-0.02274,0.07006,-0.03097
5.756,-0.02274,0.07006,-0.03097
5.772,0.07,0.09169,0.08059
5.784,0.07,0.09169,0.08059
5.794,0.06858,0.2372,-0.01703
5.805,0.01999,0.13057,0.02521
5.816,0.01999,0.13057,0.02521
5.826,0.00059,0.04165,0.04601
5.839,0.08456,0.05497,0.05902
5.85,0.08456,0.05497,0.05902
5.861,0.11251,0.00489,0.12805
5.872,0.11251,0.00489,0.12805
5.89,-0.0341,0.13032,0.06287
5.902,-0.0341,0.13032,0.06287
5.912,0.01496,0.08626,0.10246
5.922,0.04587,0.04766,0.14184
5.935,0.04587,0.04766,0.14184
5.946,0.03234,0.07727,0.10324
5.957,0.00679,0.07209,0.06236
5.968,0.00679,0.07209,0.06236
5.98,-0.04148,0.0438,0.03649
5.989,0.01576,0.00915,0.12279
6.005,0.04244,-0.09145,0.06944
6.016,0.04244,-0.09145,0.06944
6.026,0.10972,-0.02111,0.04047
6.037,0.10972,-0.02111,0.04047
6.055,-0.13282,0.23918,0.07794
6.067,-0.13282,0.23918,0.07794
6.077,-0.05426,0.0662,0.11965
6.088,0.00108,-0.08628,0.20352
6.105,-0.01297,-0.04427,0.10765
6.116,-0.01297,-0.04427,0.10765
6.127,-0.15507,0.08727,0.05634
6.138,0.04232,-0.07921,-0.09829
6.157,0.06229,-0.07193,0.03543
6.169,0.06229,-0.07193,0.03543
6.18,0.12162,0.01065,0.10178
6.191,0.03421,0.1883,0.02181
6.207,0.0207,0.19046,-0.05119
6.219,0.0207,0.19046,-0.05119
6.23,-0.00914,0.04237,0.03135
6.241,0.04335,-0.05238,0.04744
6.256,0.02237,-0.12734,0.07168
6.268,0.02237,-0.12734,0.07168
6.28,-0.02177,-0.16502,0.08023
6.291,0.04157,-0.07087,0.06864
6.307,0.0421,-0.07088,0.06862
6.318,0.0421,-0.07088,0.06862
6.329,-0.0595,-0.03068,-0.00402
6.34,-0.03835,-0.0322,0.01499
6.35,-0.03835,-0.0322,0.01499
6.368,-0.04927,-0.07556,0.10411
6.379,0.02269,-0.04169,0.1087
6.39,-0.03843,0.0002,0.14162
6.4,-0.03843,0.0002,0.14162
6.419,0.01293,0.03558,0.06071
6.429,0.00719,-0.03809,0.11825
6.44,0.02482,0.07701,0.04444
6.45,0.02482,0.07701,0.04444
6.468,-0.08395,0.10654,-0.07913
6.47,-0.08395,0.10654,-0.07913
6.482,0.11892,0.12506,-0.0261
6.493,0.06401,0.26424,0.01111
6.504,0.06401,0.26424,0.01111
6.525,0.06513,0.21282,0.01733
6.535,0.06513,0.21282,0.01733
6.547,0.06888,0.01443,0.21099
6.559,-0.04336,0.04393,0.06292
6.575,-0.06647,0.07604,-0.00397
6.586,-0.06647,0.07604,-0.00397
6.598,-0.01935,-0.05783,0.22483
6.609,0.01229,-0.12799,0.22899
6.625,-0.01105,0.0865,0.11495
6.636,-0.01105,0.0865,0.11495
6.647,-0.10151,0.07476,0.06912
6.658,0.06452,0.20408,0.04023
6.669,0.06452,0.20408,0.04023
6.689,0.00142,0.04625,0.07532
6.699,0.00142,0.04625,0.07532
6.711,-0.01116,0.12055,0.05363
6.722,0.0224,0.2177,-0.00327
6.74,0.02632,0.0741,0.08018
6.752,0.02632,0.0741,0.08018
6.762,0.01317,0.02067,0.07265
6.772,0.05319,-0.01373,0.08732
6.788,-0.05282,-0.05896,0.05245
6.8,-0.05282,-0.05896,0.05245
6.811,-0.03375,-0.03239,0.13867
6.822,-0.03375,-0.03239,0.13867
6.839,0.02545,-0.1015,0.08641
6.85,0.02545,-0.1015,0.08641
6.861,0.06052,-0.11103,0.07842
6.872,0.03051,-0.14342,0.06719
6.886,0.03051,-0.14342,0.06719
6.898,0.03366,-0.11525,0.03891
6.909,0.05603,-0.24372,0.14342
6.92,0.05603,-0.24372,0.14342
6.93,0.08375,-0.31521,0.16969
6.941,0.04126,-0.20457,0.08777
6.956,-0.08893,-0.04689,-0.04624
6.967,-0.08893,-0.04689,-0.04624
6.978,-0.02239,-0.04491,0.17673
6.989,-0.02239,-0.04491,0.17673
7.006,-0.02915,0.0783,0.06887
7.017,-0.02915,0.0783,0.06887
7.027,0.0696,0.04647,0.06278
7.038,0.0476,0.01291,0.10232
7.049,0.0476,0.01291,0.10232
7.059,-0.00743,0.04083,0.10452
7.07,-0.03495,0.20694,0.03296
7.082,-0.03495,0.20694,0.03296
7.093,-0.03198,0.18444,0.09615
7.103,-0.03198,0.18444,0.09615
7.121,0.03418,0.1479,0.03743
7.133,0.03418,0.1479,0.03743
7.144,0.04084,0.15538,0.07971
7.154,0.03735,0.18331,0.08302
7.171,0.00957,0.16985,0.08781
7.182,0.00957,0.16985,0.08781
7.192,0.02241,0.04342,0.0642
7.203,0.02241,0.04342,0.0642
7.213,0.04478,-0.05029,0.06124
7.224,0.04172,-0.07404,0.0947
7.238,0.02229,0.03548,0.0842
7.249,0.02229,0.03548,0.0842
7.259,-0.02023,0.11568,0.05397
7.27,-0.02023,0.11568,0.05397
7.288,0.05689,0.06858,0.06246
7.299,0.05689,0.06858,0.06246
7.31,-0.03522,-0.00386,0.07524
7.321,0.06468,0.01055,0.10172
7.338,0.05116,-0.01494,0.13491
7.349,0.05116,-0.01494,0.13491
7.361,-0.0166,-0.01944,0.08201
7.372,-0.02905,-0.06221,0.02043
7.388,0.01953,-0.0817,0.05791
7.399,0.01953,-0.0817,0.05791
7.411,0.02104,-0.07349,0.10284
7.422,0.06948,0.02274,0.08609
7.438,-0.00089,0.03628,0.03014
7.45,-0.00089,0.03628,0.03014
7.461,0.02341,-0.03681,0.07639
7.472,0.04068,0.05876,0.11907
7.488,-0.21006,-0.08401,0.1215
7.499,-0.21006,-0.08401,0.1215
7.51,-0.02433,0.10595,0.03214
7.522,-0.14166,-0.18336,0.0476
7.538,0.02012,0.00895,0.02985
7.549,0.02012,0.00895,0.02985
7.56,-0.04013,-0.0734,0.0052
7.571,-0.03914,-0.03783,-0.00549
7.582,-0.03914,-0.03783,-0.00549
7.593,0.08157,0.11786,0.05276
7.605,-0.00128,0.0532,0.12933
7.616,-0.00128,0.0532,0.12933
7.627,0.0077,0.10458,0.07422
7.638,-0.00404,0.06757,-0.00271
7.655,-0.00835,0.02679,0.06933
7.666,-0.00835,0.02679,0.06933
7.677,-0.00026,0.02716,0.02679
7.688,0.02952,0.16023,0.01125
7.705,-0.02146,0.14474,-0.00313
7.716,-0.02146,0.14474,-0.00313
7.727,0.03476,0.20048,0.06286
7.738,0.03771,0.25942,0.05766
7.755,-0.02257,0.15658,0.03873
7.766,-0.02257,0.15658,0.03873
7.777,-0.02126,0.16419,0.01737
7.788,-0.02664,0.13155,0.04711
7.805,0.0595,0.11027,0.00046
7.816,0.0595,0.11027,0.00046
7.827,0.04109,0.05893,0.08148
7.838,0.02949,-0.00234,0.08315
7.855,0.00638,0.04602,0.092
7.866,0.00638,0.04602,0.092
7.877,0.005,0.09194,0.08895
7.888,-0.03969,0.15881,0.08171
7.906,0.01018,0.06504,0.0827
7.917,0.01018,0.06504,0.0827
7.926,0.01681,0.01898,0.08576
7.937,0.01681,0.01898,0.08576
7.947,0.06106,0.04656,0.066
7.957,0.00641,0.01118,0.06828
7.97,0.00641,0.01118,0.06828
7.983,0.00859,0.02815,0.06913
7.992,-0.00073,0.10394,0.1036
8.003,-0.00073,0.10394,0.1036
8.022,-0.03309,0.09012,0.08193
8.033,-0.03309,0.09012,0.08193
8.044,0.04991,0.07854,0.08241
8.055,0.03261,0.08485,0.07554
8.067,0.03261,0.08485,0.07554
8.078,0.00717,0.13663,0.11404
8.089,-0.07056,0.07897,0.06254
8.1,-0.07056,0.07897,0.06254
8.111,0.06612,0.07794,0.06515
8.123,0.07039,0.04278,0.10295
8.134,0.07039,0.04278,0.10295
8.145,-0.03029,0.03414,0.0294
8.156,0.02519,0.09064,0.0259
8.167,0.02519,0.09064,0.0259
8.187,0.01529,0.0678,0.06008
8.199,0.01529,0.0678,0.06008
8.208,0.0006,0.03257,0.05935
8.219,0.0006,0.03257,0.05935
8.238,0.05367,-0.09221,0.10894
8.25,0.05367,-0.09221,0.10894
8.26,0.00708,-0.09559,0.0593
8.272,0.02171,-0.04123,0.10836
8.288,0.00528,-0.0182,0.05606
8.299,0.00528,-0.0182,0.05606
8.31,-0.02416,-0.01087,0.06199
8.321,0.00424,-0.00715,-0.01764
8.332,0.00424,-0.00715,-0.01764
8.343,0.03945,-0.06326,0.09026
8.355,0.01188,-0.1094,0.07895
8.366,0.01188,-0.1094,0.07895
8.377,0.00333,-0.21937,0.0461
8.388,-0.12643,-0.37865,0.37718
8.405,-0.1782,-0.74233,0.47247
8.417,-0.1782,-0.74233,0.47247
8.426,-0.20709,-1.78812,1.29784
8.436,-0.20709,-1.78812,1.29784
8.446,0.80983,-4.10201,-4.82083
8.457,0.36955,-3.7026,1.03749
8.471,0.23791,-4.69404,4.74744
8.484,0.23791,-4.69404,4.74744
8.495,-0.38959,-4.61534,-1.042
8.506,-0.05545,-4.6141,-0.4135
8.521,0.05953,-4.71294,0.64902
8.532,0.05953,-4.71294,0.64902
8.543,0.07111,-4.67192,-0.32544
8.553,0.07111,-4.67192,-0.32544
8.563,0.24269,-4.64769,0.20066
8.574,0.18548,-4.46459,0.33556
8.587,0.18548,-4.46459,0.33556
8.597,-0.14621,-4.49508,0.02522
8.608,-0.00955,-4.36755,0.40155
8.619,-0.00955,-4.36755,0.40155
8.639,0.17038,-4.6315,0.03069
8.649,0.17038,-4.6315,0.03069
8.659,0.13478,-4.57022,0.39189
8.67,0.06081,-4.5145,0.01148
8.688,0.08535,-4.50083,0.33543
8.7,0.08535,-4.50083,0.33543
8.709,0.07259,-4.639,0.13975
8.72,0.07259,-4.639,0.13975
8.738,0.09091,-4.57337,0.21611
8.749,0.09091,-4.57337,0.21611
8.759,0.05068,-4.3744,0.31201
8.77,0.05068,-4.3744,0.31201
8.789,0.11076,-4.65388,-0.0136
8.8,0.11076,-4.65388,-0.0136
8.809,0.23168,-4.72843,0.42013
8.82,0.23168,-4.72843,0.42013
8.838,0.04097,-4.67084,0.25041
8.849,0.04097,-4.67084,0.25041
8.859,0.0959,-4.66198,0.14099
8.87,0.0959,-4.66198,0.14099
8.888,0.22273,-4.54756,0.17411
8.899,0.22273,-4.54756,0.17411
8.91,-0.02278,-4.49872,0.19664
8.921,0.09586,-4.37628,-0.18563
8.938,0.09914,-4.55739,0.00015
8.95,0.09914,-4.55739,0.00015
8.961,-0.07023,-4.59933,0.06665
8.972,-0.0298,-4.44324,0.35996
8.988,0.09102,-4.63741,-0.03792
9,0.09102,-4.63741,-0.03792
9.011,0.17325,-4.53912,0.32963
9.021,0.10163,-4.64226,0.20826
9.033,0.10163,-4.64226,0.20826
9.043,0.09899,-4.60817,-0.10525
9.053,0.09899,-4.60817,-0.10525
9.065,-0.11387,-4.42689,0.20643
9.076,0.22197,-4.65085,-0.02677
9.087,0.22197,-4.65085,-0.02677
9.105,0.0407,-4.3593,0.16495
9.118,0.0407,-4.3593,0.16495
9.126,0.118,-4.68699,0.30587
9.137,0.118,-4.68699,0.30587
9.155,0.12849,-4.3612,0.71137
9.167,0.12849,-4.3612,0.71137
9.178,0.02534,-4.40106,0.63225
9.189,-0.04723,-4.33471,-0.22275
9.205,0.1631,-4.40783,0.22864
9.216,0.1631,-4.40783,0.22864
9.226,0.2334,-4.59562,-0.16428
9.237,0.2334,-4.59562,-0.16428
9.247,0.1762,-4.4659,0.6829
9.257,0.20961,-4.61191,-0.19596
9.271,0.06042,-4.49122,0.25592
9.282,0.06042,-4.49122,0.25592
9.293,0.00399,-4.40345,-0.11755
9.303,0.00399,-4.40345,-0.11755
9.321,0.07098,-4.39519,0.28012
9.333,0.07098,-4.39519,0.28012
9.344,-4.86676,69.01981,-16.18356
9.355,7.66175,13.89059,16.52827
9.372,-0.66613,-18.99669,14.96665
9.383,-0.66613,-18.99669,14.96665
9.394,-5.00261,-11.49318,-9.07128
9.405,-4.58574,-13.06472,-8.0116
9.417,-4.58574,-13.06472,-8.0116
9.428,-2.39937,-6.83418,-5.48405
9.439,-0.69866,-3.70581,-6.23535
9.45,-0.69866,-3.70581,-6.23535
9.463,1.07077,-6.12463,-5.95484
9.471,1.07077,-6.12463,-5.95484
9.487,-0.15409,-1.80496,0.57539
9.5,-0.15409,-1.80496,0.57539
9.509,-0.92892,-3.57731,-2.20078
9.52,-0.92892,-3.57731,-2.20078
9.539,0.50496,0.88502,-2.71138
9.551,0.50496,0.88502,-2.71138
9.56,0.46432,1.56292,-0.42956
9.57,0.46432,1.56292,-0.42956
9.588,1.43138,3.08705,-16.43429
9.599,1.43138,3.08705,-16.43429
9.611,-3.50046,-5.91161,4.05968
9.622,3.9652,2.11759,-14.44777
9.638,1.27744,-4.27954,-13.56204
9.649,1.27744,-4.27954,-13.56204
9.659,3.69333,-0.74568,-1.4806
9.67,3.69333,-0.74568,-1.4806
9.681,2.85344,0.52939,-1.81542
9.691,-0.72497,1.05523,7.88101
9.704,-0.72497,1.03734,7.88951
9.715,-0.72497,1.03734,7.88951
9.726,0.20576,-1.37371,-0.69351
9.737,0.20576,-1.37371,-0.69351
9.755,-0.72114,2.388,2.19773
9.766,-0.72114,2.388,2.19773
9.776,-2.29155,1.97521,0.01653
9.788,-0.21982,-0.17358,-1.06699
9.805,0.08584,0.08471,0.35591
9.817,0.08584,0.08471,0.35591
9.827,0.10858,0.36527,0.01087
9.838,-0.00156,0.11906,0.08244
9.855,-0.32512,0.50542,-0.74323
9.866,-0.32512,0.50542,-0.74323
9.876,-0.40972,0.60727,0.03819
9.887,-0.40972,0.60727,0.03819
9.897,0.04303,0.12351,0.0051
9.907,-0.01411,0.06651,-0.11012
9.921,-0.00444,0.22281,-0.21333
9.933,-0.00444,0.22281,-0.21333
9.944,0.18494,0.55377,0.07125
9.955,-0.14063,0.20631,0.08997
9.971,-0.2865,0.2558,-0.46188
9.981,-0.2865,0.2558,-0.46188
9.992,0.01306,0.30021,0.22187
10.003,0.01306,0.30021,0.22187
10.013,0.33803,0.61258,0.09671
10.024,0.02336,0.30472,-0.27061
10.038,-0.3658,0.2029,-0.01748
10.049,-0.3658,0.2029,-0.01748
10.059,0.19226,0.29702,0.04716
10.07,0.19226,0.29702,0.04716
10.088,-0.1101,0.72056,-0.10104
10.1,-0.1101,0.72056,-0.10104
10.109,-0.27809,0.26333,-0.20627
10.12,-0.27809,0.26333,-0.20627
10.138,-0.09107,0.16666,-0.1074
10.149,-0.09107,0.16666,-0.1074
10.16,-0.10749,0.33824,-0.03245
10.171,-0.0017,0.49716,-0.16738
10.188,0.29251,0.37066,-0.25852
10.2,0.29251,0.37066,-0.25852
10.209,-0.0785,0.40555,-0.12744
10.22,-0.0785,0.40555,-0.12744
10.23,-0.05352,0.11697,-0.03172
10.24,0.11485,0.56152,0.19544
10.254,0.11485,0.56152,0.19544
10.265,0.12636,0.5835,0.02148
10.276,0.25085,0.58102,-0.63679
10.287,0.25085,0.58102,-0.63679
10.305,-0.19811,0.74941,0.04664
10.317,-0.19811,0.74941,0.04664
10.329,-0.25454,0.14665,1.13588
10.338,0.7321,0.5545,-0.33738
10.355,0.56404,0.01634,0.30021
10.366,0.56404,0.01634,0.30021
10.377,-0.83659,0.13971,1.10939
10.388,-0.69529,0.74973,-0.38562
10.408,-0.18447,1.31781,0.43006
10.419,-0.18447,1.31781,0.43006
10.43,-0.11526,1.26805,0.89551
10.441,0.06914,0.99658,0.68488
10.455,-0.06041,0.98416,-0.0852
10.466,-0.06041,0.98416,-0.0852
10.476,-0.27376,0.39248,-0.22842
10.487,-0.27376,0.39248,-0.22842
10.498,-0.21374,0.97332,-0.3847
10.508,-0.34318,1.63235,1.29673
10.52,0.74103,1.43657,0.67904
10.531,0.74103,1.43657,0.67904
10.542,0.58245,0.26451,0.06682
10.553,0.58245,0.26451,0.06682
10.573,0.5077,-0.32172,0.06628
10.584,0.5077,-0.32172,0.06628
10.594,0.64912,-0.32397,0.14758
10.605,1.20686,0.21243,0.81302
10.617,1.20686,0.21243,0.81302
10.628,1.60443,0.67477,0.76169
10.639,0.98327,0.73561,0.20038
10.649,0.98327,0.73561,0.20038
10.659,0.76395,0.09751,-0.66245
10.673,0.79425,0.683,-1.18839
10.685,0.79425,0.683,-1.18839
10.695,0.21503,0.96768,-1.359
10.706,0.932,2.20921,0.80367
10.717,0.932,2.20921,0.80367
10.728,-0.07881,-1.3085,-2.56011
10.739,1.77967,-1.54977,-0.25954
10.75,1.77967,-1.54977,-0.25954
10.761,0.68393,0.17394,3.01222
10.771,1.12897,1.43306,2.46677
10.784,1.12897,1.43306,2.46677
10.795,0.29433,2.30091,1.14727
10.806,-0.06257,2.06622,1.34443
10.817,-0.06257,2.06622,1.34443
10.827,-1.84876,1.02885,-0.72818
10.84,-2.1478,0.84685,-1.60723
10.851,-2.1478,0.84685,-1.60723
10.861,-2.04895,0.12821,-1.53871
10.872,-2.19437,0.05915,0.27994
10.883,-2.19437,0.05915,0.27994
10.894,-2.16912,0.44341,1.91785
10.904,-2.37292,0.48155,3.90713
10.916,-2.37292,0.48155,3.90713
10.926,-2.42519,0.22047,5.79387
10.936,-2.42519,0.22047,5.79387
10.955,-1.1732,0.69566,3.50646
10.966,-1.1732,0.69566,3.50646
10.978,-0.61402,-0.13805,2.60976
10.989,-0.51205,0.37303,0.44067
11.005,-0.67577,0.4614,0.05897
11.016,-0.67577,0.4614,0.05897
11.027,-0.83327,0.2303,0.74874
11.038,-0.63265,0.1976,2.17956
11.049,-0.63265,0.1976,2.17956
11.059,-0.37331,0.43543,2.69999
11.071,-0.22293,0.21571,1.03376
11.081,-0.22293,0.21571,1.03376
11.092,-0.69175,-0.2293,2.8421
11.103,-0.69175,-0.2293,2.8421
11.122,-1.60615,0.18406,2.3606
11.134,-1.60615,0.18406,2.3606
11.143,-2.22957,2.14449,1.50474
11.154,-2.22957,2.14449,1.50474
11.172,-1.07816,0.72745,-1.00568
11.183,-1.07816,0.72745,-1.00568
11.194,-0.49506,-1.15394,0.28105
11.205,-0.40486,-1.28846,1.51309
11.222,0.70298,-0.18468,0.95513
11.233,0.70298,-0.18468,0.95513
11.244,0.81842,0.56455,-3.77799
11.255,1.18063,0.44997,-4.18158
11.272,1.3266,-1.25488,-2.99888
11.283,1.3266,-1.25488,-2.99888
11.294,2.01657,-1.3485,-2.59154
11.305,1.69199,-1.75392,-2.54925
11.317,1.69199,-1.75392,-2.54925
11.329,1.86756,1.1325,-4.22771
11.339,0.5376,4.95588,-7.93215
11.35,0.5376,4.95588,-7.93215
11.361,-0.22841,3.92184,-4.26818
11.373,-3.67135,3.89172,2.35884
11.384,-3.67135,3.89172,2.35884
11.394,-2.42218,0.30311,2.38358
11.404,-1.39297,1.37072,-0.79526
11.415,-1.39297,1.37072,-0.79526
11.426,2.08565,-0.47798,-6.08744
11.438,0.88514,-1.61397,0.95621
11.449,0.88514,-1.61397,0.95621
11.461,0.9851,-1.58587,0.95175
11.472,0.94295,-2.1091,-0.41374
11.488,0.99266,-1.2673,-1.31251
11.5,0.99266,-1.2673,-1.31251
11.512,1.27957,0.19327,0.1316
11.523,1.02121,0.12133,0.63326
11.539,0.8628,-0.63098,2.26479
11.55,0.8628,-0.63098,2.26479
11.56,1.09977,-0.23317,2.48659
11.571,0.66984,1.26371,1.69311
11.582,0.66984,1.26371,1.69311
11.592,0.35659,1.22041,1.24442
11.605,0.46334,0.80614,4.85678
11.617,0.46334,0.80614,4.85678
11.627,-0.26965,-1.13567,0.80387
11.638,-1.19191,-2.72041,1.46157
11.651,-1.19191,-2.72041,1.46157
11.662,-1.34463,-2.27532,1.90633
11.672,-1.05027,-0.26543,0.06913
11.683,-1.05027,-0.26543,0.06913
11.694,-0.7616,0.44098,0.2157
11.706,-0.61043,0.62259,0.26138
11.717,-0.61043,0.62259,0.26138
11.727,-1.0317,-0.01578,-0.74412
11.738,-0.22406,-0.32536,-2.46306
11.749,-0.22406,-0.32536,-2.46306
11.76,0.18167,-0.16423,-0.87587
11.773,0.07066,-1.26803,-1.42031
11.784,0.07066,-1.26803,-1.42031
11.795,0.40122,0.03728,-2.14258
11.806,0.30257,0.13212,-1.6833
11.822,-0.11017,-0.19364,-0.88465
11.833,-0.11017,-0.19364,-0.88465
11.843,0.66232,-2.85283,-0.737
11.853,0.66232,-2.85283,-0.737
11.863,0.05697,-0.23921,-4.16832
11.874,1.50097,-0.7957,-3.20636
11.888,0.30803,-0.04239,0.63869
11.899,0.30803,-0.04239,0.63869
11.91,-0.93614,0.93104,0.56078
11.921,-1.01276,0.76698,-1.00477
11.938,-0.58159,-0.51902,-0.00727
11.949,-0.58159,-0.51902,-0.00727
11.96,-0.53713,-0.02469,-1.55356
11.971,-0.53713,-0.02469,-1.55356
11.99,-0.20509,1.00203,-2.02765
12.002,-0.20509,1.00203,-2.02765
12.012,0.28782,1.8467,-0.53283
12.022,0.60684,1.78686,-1.36011
12.034,0.60684,1.78686,-1.36011
12.046,-0.0658,0.86818,-0.95887
12.057,0.32904,0.83844,1.76842
12.068,0.32904,0.83844,1.76842
12.079,0.07271,-0.27356,0.17614
12.09,-0.01421,0.05745,1.43462
12.104,-0.01421,0.05745,1.43462
12.115,-0.02374,0.69144,1.30723
12.126,0.14291,-0.02042,-0.55437
12.137,0.14291,-0.02042,-0.55437
12.155,-0.07075,0.38427,0.75915
12.166,-0.07075,0.38427,0.75915
12.178,-0.39272,0.31825,1.19503
12.189,-0.37323,0.45209,0.73134
12.205,-0.05392,0.86068,0.57523
12.216,-0.05392,0.86068,0.57523
12.227,-0.02165,0.51172,0.17473
12.238,-0.01283,0.5269,-0.42552
12.249,-0.01283,0.5269,-0.42552
12.259,0.07085,0.53746,-0.18805
12.271,0.16507,0.61079,-0.50538
12.283,0.16507,0.61079,-0.50538
12.293,0.07171,0.61917,-0.26335
12.303,0.07171,0.61917,-0.26335
12.322,-0.40025,0.53879,0.28998
12.334,-0.40025,0.53879,0.28998
12.343,-0.35049,0.42715,0.26372
12.354,-0.42376,0.4902,0.25968
12.372,-0.42451,0.41523,-0.18073
12.382,-0.42451,0.41523,-0.18073
12.393,-0.12329,0.36368,-0.32216
12.404,0.11707,0.37205,-0.55418
12.421,0.11361,0.34047,-0.49857
12.433,0.11361,0.34047,-0.49857
12.443,-0.0876,0.2939,-0.02211
12.454,-0.17576,0.15644,0.16073
12.472,-0.20616,0.28611,0.2344
12.484,-0.20616,0.28611,0.2344
12.496,0.00014,0.35557,-0.00505
12.507,0.10064,0.57587,-0.16367
12.522,0.16875,0.63271,-0.24505
12.534,0.16875,0.63271,-0.24505
12.544,0.27685,0.46534,-0.28046
12.555,0.28167,0.45774,-0.18549
12.566,0.28167,0.45774,-0.18549
12.576,0.29134,0.47166,-0.07208
12.589,0.45048,0.4177,-0.27672
12.6,0.45048,0.4177,-0.27672
12.611,0.40691,0.58281,-0.19869
12.622,0.30496,0.6493,-0.03907
12.638,0.18318,0.64986,0.12811
12.649,0.18318,0.64986,0.12811
12.66,0.12484,0.58749,0.20696
12.672,0.166,0.52017,0.00497
12.689,0.24448,0.44639,-0.22213
12.7,0.24448,0.44639,-0.22213
12.711,0.01393,0.13498,-0.0416
12.722,-0.00715,0.20685,0.0631
12.739,-0.05736,0.10674,0.06648
12.75,-0.05736,0.10674,0.06648
12.761,-0.03261,-0.0071,0.09404
12.772,-0.14651,-0.19914,0.37162
12.789,-0.14683,-0.2894,0.30573
12.8,-0.14683,-0.2894,0.30573
12.81,-0.13311,0.13857,0.09874
12.822,-0.13942,0.22526,0.05118
12.834,-0.13942,0.22526,0.05118
12.846,-0.06922,0.25509,-0.27765
12.857,-0.02163,0.23743,-0.2976
12.867,-0.02163,0.23743,-0.2976
12.879,0.03086,0.08132,-0.34616
12.89,-0.04585,0.10596,-0.14856
12.905,-0.10045,0.10405,0.02395
12.916,-0.10045,0.10405,0.02395
12.928,-0.03664,0.05472,0.12719
12.939,0.05237,-0.02611,0.20116
12.955,0.17382,-0.10506,0.19911
12.966,0.17382,-0.10506,0.19911
12.976,0.1824,-0.0967,0.06046
12.987,0.1824,-0.0967,0.06046
12.997,0.26043,0.07652,-0.21337
13.007,0.24858,0.1878,-0.32819
13.021,0.18805,0.24631,-0.31198
13.032,0.18805,0.24631,-0.31198
13.043,0.10747,0.07119,-0.07917
13.053,0.10747,0.07119,-0.07917
13.072,0.02158,-0.04222,0.09384
13.083,0.02158,-0.04222,0.09384
13.095,0.0093,-0.01548,0.06149
13.106,-0.00068,-0.12714,0.06618
13.122,-0.12059,-0.21224,0.10007
13.134,-0.12059,-0.21224,0.10007
13.144,-0.2084,0.03832,0.06645
13.155,-0.13828,0.06165,0.0206
13.165,-0.13828,0.06165,0.0206
13.176,0.06699,-0.09779,-0.22558
13.188,-0.05004,-0.01755,-0.01416
13.199,-0.05004,-0.01755,-0.01416
13.21,-0.04725,-0.01353,-0.01619
13.221,-0.04725,-0.01353,-0.01619
13.24,-0.23604,-0.19926,0.20565
13.251,-0.23604,-0.19926,0.20565
13.261,-0.20537,-0.06639,0.061
13.272,-0.21026,0.05396,-0.01232
13.289,-0.26522,0.10972,0.03107
13.3,-0.26522,0.10972,0.03107
13.311,-0.30786,0.05955,0.12918
13.322,-0.21947,-0.09866,0.07284
13.338,0.00991,0.06154,-0.15489
13.349,0.00991,0.06154,-0.15489
13.36,0.03941,0.12248,-0.19946
13.37,0.03941,0.12248,-0.19946
13.38,0.01758,0.05109,-0.01157
13.39,-0.0524,-0.17132,0.23272
13.404,-0.01695,-0.12625,0.29213
13.414,-0.01695,-0.12625,0.29213
13.425,0.06358,-0.13129,0.19133
13.436,0.06358,-0.13129,0.19133
13.455,-0.08737,-0.10302,0.25379
13.466,-0.08737,-0.10302,0.25379
13.477,-0.0829,-0.04092,0.34164
13.488,0.03636,0.09988,0.12887
13.505,0.02281,0.08747,0.18647
13.516,0.02281,0.08747,0.18647
13.527,-0.01649,0.05037,0.23905
13.538,-0.30428,0.09719,0.54566
13.555,-0.47977,-0.04918,0.88644
13.566,-0.47977,-0.04918,0.88644
13.577,-0.47977,-0.04918,0.88644
13.588,-0.40973,0.07805,0.55391
13.609,-0.34747,0.28966,0.22672
13.619,-0.34747,0.28966,0.22672
13.633,-0.34747,0.28966,0.22672
13.643,-0.34747,0.28966,0.22672
13.654,-0.34747,0.28966,0.22672
13.666,-0.34747,0.28966,0.22672
13.676,-0.13301,0.20318,-0.1225
13.725,-0.13301,0.20318,-0.1225
13.749,-0.13301,0.20318,-0.1225
13.759,-0.13301,0.20318,-0.1225
13.77,-0.13301,0.20318,-0.1225
13.802,-0.13301,0.20318,-0.1225
13.818,-0.13301,0.20318,-0.1225
13.829,-0.13301,0.20318,-0.1225
13.839,-0.13301,0.20318,-0.1225
13.85,-0.13301,0.20318,-0.1225
13.864,-0.13301,0.20318,-0.1225
13.9,-0.13301,0.20318,-0.1225
13.911,-0.13301,0.20318,-0.1225
13.922,-0.13301,0.20318,-0.1225
13.933,-0.13301,0.20318,-0.1225
13.944,-0.13301,0.20318,-0.1225
13.956,-0.13301,0.20318,-0.1225
13.967,-0.13301,0.20318,-0.1225
13.978,-0.13301,0.20318,-0.1225
13.999,-0.13301,0.20318,-0.1225
14,-0.13301,0.20318,-0.1225
14.012,-0.13301,0.20318,-0.1225
14.022,-0.13301,0.20318,-0.1225
14.032,-0.13301,0.20318,-0.1225
14.043,-0.13301,0.20318,-0.1225
14.057,-0.13301,0.20318,-0.1225
14.068,-0.13301,0.20318,-0.1225
14.08,-0.13301,0.20318,-0.1225
14.09,-0.13301,0.20318,-0.1225
14.11,-0.13301,0.20318,-0.1225
14.121,-0.13301,0.20318,-0.1225
14.131,-0.13301,0.20318,-0.1225
14.142,-0.13301,0.20318,-0.1225
14.168,-0.13301,0.20318,-0.1225
14.179,-0.13301,0.20318,-0.1225
14.19,-0.13301,0.20318,-0.1225
14.202,-0.13301,0.20318,-0.1225
14.222,-0.13301,0.20318,-0.1225
14.233,-0.13301,0.20318,-0.1225
14.243,-0.13301,0.20318,-0.1225
14.254,-0.13301,0.20318,-0.1225
14.277,-0.13301,0.20318,-0.1225
14.288,-0.13301,0.20318,-0.1225
14.299,-0.13301,0.20318,-0.1225
14.313,-0.13301,0.20318,-0.1225
14.322,-0.13301,0.20318,-0.1225
14.352,-0.13301,0.20318,-0.1225
14.363,-0.13301,0.20318,-0.1225
14.39,-0.13301,0.20318,-0.1225
14.401,-0.13301,0.20318,-0.1225
14.412,-0.13301,0.20318,-0.1225
14.424,-0.13301,0.20318,-0.1225
14.437,-0.13301,0.20318,-0.1225
14.448,-0.13301,0.20318,-0.1225
14.458,-0.13301,0.20318,-0.1225
14.468,-0.13301,0.20318,-0.1225
14.479,-0.13301,0.20318,-0.1225
14.494,-0.13301,0.20318,-0.1225
14.505,-0.13301,0.20318,-0.1225
14.516,-0.13301,0.20318,-0.1225
14.528,-0.13301,0.20318,-0.1225
14.538,-0.13301,0.20318,-0.1225
14.557,-0.13301,0.20318,-0.1225
14.567,-0.13301,0.20318,-0.1225
14.578,-0.13301,0.20318,-0.1225
14.588,-0.13301,0.20318,-0.1225
14.6,-0.13301,0.20318,-0.1225
14.614,-0.13301,0.20318,-0.1225
14.625,-0.13301,0.20318,-0.1225
14.635,-0.13301,0.20318,-0.1225
14.647,-0.13301,0.20318,-0.1225
14.663,-0.13301,0.20318,-0.1225
14.674,-0.13301,0.20318,-0.1225
14.684,-0.13301,0.20318,-0.1225
14.695,-0.13301,0.20318,-0.1225
14.706,-0.13301,0.20318,-0.1225
14.723,-0.13301,0.20318,-0.1225
14.733,-0.13301,0.20318,-0.1225
14.744,-0.13301,0.20318,-0.1225
14.755,-0.13301,0.20318,-0.1225
14.765,-0.13301,0.20318,-0.1225
14.776,-0.13301,0.20318,-0.1225
14.787,-0.13301,0.20318,-0.1225
14.798,-0.13301,0.20318,-0.1225
14.819,-0.13301,0.20318,-0.1225
14.837,-0.13301,0.20318,-0.1225
14.848,-0.13301,0.20318,-0.1225
14.876,-0.13301,0.20318,-0.1225
14.889,-0.13301,0.20318,-0.1225
14.9,-0.13301,0.20318,-0.1225
14.911,-0.13301,0.20318,-0.1225
14.921,-0.13301,0.20318,-0.1225
14.932,-0.13301,0.20318,-0.1225
14.962,-0.13301,0.20318,-0.1225
14.973,-0.13301,0.20318,-0.1225
14.983,-0.13301,0.20318,-0.1225
15.006,-0.13301,0.20318,-0.1225
15.017,-0.13301,0.20318,-0.1225
15.027,-0.13301,0.20318,-0.1225
15.039,-0.13301,0.20318,-0.1225
15.05,-0.13301,0.20318,-0.1225
15.065,-0.13301,0.20318,-0.1225
15.076,-0.13301,0.20318,-0.1225
15.086,-0.13301,0.20318,-0.1225
15.097,-0.13301,0.20318,-0.1225
15.12,-0.13301,0.20318,-0.1225
15.131,-0.13301,0.20318,-0.1225
15.141,-0.13301,0.20318,-0.1225
15.152,-0.13301,0.20318,-0.1225
15.163,-0.13301,0.20318,-0.1225
15.176,-0.13301,0.20318,-0.1225
15.187,-0.13301,0.20318,-0.1225
15.197,-0.13301,0.20318,-0.1225
15.208,-0.13301,0.20318,-0.1225
15.219,-0.13301,0.20318,-0.1225
15.233,-0.13301,0.20318,-0.1225
15.245,-0.13301,0.20318,-0.1225
15.255,-0.13301,0.20318,-0.1225
15.266,-0.13301,0.20318,-0.1225
15.281,-0.13301,0.20318,-0.1225
15.292,-0.13301,0.20318,-0.1225
15.302,-0.13301,0.20318,-0.1225
15.313,-0.13301,0.20318,-0.1225
15.324,-0.13301,0.20318,-0.1225
15.342,-0.13301,0.20318,-0.1225
15.353,-0.13301,0.20318,-0.1225
15.363,-0.13301,0.20318,-0.1225
15.374,-0.13301,0.20318,-0.1225
15.387,-0.13301,0.20318,-0.1225
15.402,-0.13301,0.20318,-0.1225
15.413,-0.13301,0.20318,-0.1225
15.423,-0.13301,0.20318,-0.1225
15.435,-0.13301,0.20318,-0.1225
15.448,-0.13301,0.20318,-0.1225
15.459,-0.13301,0.20318,-0.1225
15.469,-0.13301,0.20318,-0.1225
15.48,-0.13301,0.20318,-0.1225
15.491,-0.13301,0.20318,-0.1225
15.506,-0.13301,0.20318,-0.1225
15.518,-0.13301,0.20318,-0.1225
15.528,-0.13301,0.20318,-0.1225
15.538,-0.13301,0.20318,-0.1225
15.548,-0.03803,0.55649,-1.61656
15.57,-0.00037,1.07538,-0.88087
15.581,0.03195,0.53602,-0.64598
15.592,-0.16383,-0.3794,-0.47532
15.603,-0.16383,-0.3794,-0.47532
15.63,-0.08584,-1.01896,0.5024
15.641,0.16725,-0.51755,0.68766
15.651,0.07166,0.51608,0.18795
15.662,0.07166,0.51608,0.18795
15.677,0.07243,0.53762,-0.09485
15.687,0.07243,0.53762,-0.09485
15.698,0.1026,0.29284,-0.1315
15.709,0.12929,-0.02171,0.03168
15.72,0.12929,-0.02171,0.03168
15.738,0.04124,0.00648,0.22879
15.75,0.04124,0.00648,0.22879
15.761,0.04051,0.05015,0.20975
15.772,-0.01981,0.20962,0.27232
15.788,-0.04445,0.25542,0.28279
15.799,-0.04445,0.25542,0.28279
15.81,-0.05363,0.19963,0.22303
15.821,-0.04176,0.16232,0.14716
15.831,-0.04176,0.16232,0.14716
15.841,0.01269,0.1777,0.08406
15.855,0.01401,0.21176,0.11871
15.866,0.01401,0.21176,0.11871
15.877,-0.04258,0.21143,0.26269
15.887,-0.04258,0.21143,0.26269
15.905,0.01631,0.23462,0.23566
15.917,0.01631,0.23462,0.23566
15.927,0.03782,0.20148,0.20457
15.937,0.05976,0.09844,0.26372
15.956,0.07794,0.03702,0.26034
15.967,0.07794,0.03702,0.26034
15.977,0.06862,0.01451,0.24288
15.988,0.02053,0.08354,0.22598
16.001,0.02053,0.08354,0.22598
16.012,0.02243,0.12867,0.10197
16.023,0.04046,0.17147,-0.02273
16.033,0.04046,0.17147,-0.02273
16.045,0.059,0.1552,-0.05513
16.057,0.05409,0.1289,-0.01591
16.068,0.05409,0.1289,-0.01591
16.078,0.04039,0.09768,0.0077
16.089,0.00056,0.05396,0.10326
16.1,0.00056,0.05396,0.10326
16.111,0.00961,0.03735,0.05726
16.122,0.01109,0.02925,0.02236
16.133,0.01109,0.02925,0.02236
16.144,-0.00311,0.10978,-0.06826
16.155,0.0253,0.12038,-0.12343
16.172,0.02663,0.19217,-0.11233
16.183,0.02663,0.19217,-0.11233
16.194,-0.02387,0.07678,-0.01013
16.205,0.00104,0.04659,0.03352
16.217,0.00104,0.04659,0.03352
16.229,0.06421,-0.01093,-0.04526
16.239,0.03016,0.11747,-0.22857
16.25,0.03016,0.11747,-0.22857
16.263,0.00282,0.20891,-0.30524
16.274,-0.01864,0.03011,-0.17931
16.288,-0.01196,-0.17284,0.03518
16.299,-0.01196,-0.17284,0.03518
16.31,-0.01915,-0.21711,0.07923
16.321,-0.02801,-0.22412,0.14451
16.339,-0.03658,-0.19282,0.12084
16.35,-0.03658,-0.19282,0.12084
16.361,-0.05791,-0.29785,0.07313
16.372,-0.0319,-0.16847,-0.00127
16.389,0.0033,-0.0322,-0.12429
16.401,0.0033,-0.0322,-0.12429
16.412,-0.00768,0.02879,-0.07985
16.424,-0.08545,0.1113,0.03056
16.439,-0.1019,0.02864,0.14034
16.45,-0.1019,0.02864,0.14034
16.461,-0.03576,-0.05514,0.20304
16.473,-0.03705,-0.01456,0.18957
16.483,-0.03705,-0.01456,0.18957
16.494,-0.07053,0.03341,0.18466
16.505,-0.07959,0.07802,0.14318
16.516,-0.07959,0.07802,0.14318
16.527,-0.07033,0.18079,0.0455
16.538,0.02516,0.10824,-0.08795
16.555,0.03864,0.13049,0.03473
16.566,0.03864,0.13049,0.03473
16.576,0.01121,0.08939,0.13599
16.587,-0.03723,0.04402,0.25453
16.598,-0.03723,0.04402,0.25453
16.608,-0.00568,0.03781,0.34322
16.621,0.00213,0.06456,0.34392
16.633,0.00213,0.06456,0.34392
16.643,0.04226,0.16178,0.42183
16.654,0.05705,0.20056,0.42446
16.672,0.11143,0.19392,0.39037
16.683,0.11143,0.19392,0.39037
16.694,0.21666,0.1005,0.28845
16.705,0.36813,0.11631,0.1819
16.723,0.31343,0.13986,0.17332
16.733,0.31343,0.13986,0.17332
16.744,0.31343,0.13986,0.17332
16.754,0.10472,0.2676,0.02783
16.765,0.10472,0.2676,0.02783
16.786,0.06249,-0.07865,0.17237
16.797,0.06249,-0.07865,0.17237