データ１,データ２,データ３,データ４,データ５,データ６,データ７,データ８
-1.352605068,-3.92932634,2.490292571,0.179644117,0.274879712,1.343388677,1.334807419,-12.62329935
0.106582547,0.385125531,2.691163571,1.278678041,-0.096675815,4.333491033,1.897086602,-22.04412461
0.797922439,1.061894181,4.192928044,0.741828626,-0.830416656,2.983785459,4.078455074,-10.4597306
-0.761467618,-2.619590305,2.629172412,1.913723353,-0.812737733,2.482206604,8.493599378,-16.55514104
-1.090331807,2.459664756,2.297286427,1.948398179,0.316920822,4.446396829,2.801197095,-11.58208651
0.6144694,0.783281848,4.644826403,0.728200346,0.488258181,4.591510089,4.355268882,-18.52375244
-0.490764478,2.048509486,5.261115929,0.863209159,0.155246412,3.510064547,6.998076313,-9.148966775
-0.350803475,2.922015483,3.945017978,1.956328323,-0.773553715,3.654844583,6.242167981,-11.72441657
0.595052825,1.581138349,3.582409262,0.010126184,0.882712297,4.97291181,-0.364592526,-16.10056127
1.174371391,-1.306507329,2.787294888,0.190770211,-0.25442286,1.728798902,-1.448187252,-7.76235855
-1.3731119,3.787172318,1.653493781,0.274932698,-0.085005884,1.923145941,8.600167146,-14.66334104
-0.762993295,-1.360408532,8.27160933,0.793863264,-0.693886215,4.313829668,25.08899004,-11.94443838
-0.041075054,-1.138832886,-0.635329217,0.45988279,-0.145610878,4.535222458,-3.255880731,-10.40968025
-0.96067879,-1.594512469,8.813001968,1.250058873,0.717976039,1.483843293,19.31917043,-3.996293676
0.185306135,-3.921377356,10.36871539,1.739481996,-0.976710103,4.954229927,19.25040126,-20.34410066
1.339508344,-0.179322797,1.909002675,1.473901599,0.433291461,3.742377528,2.520997694,-7.431129073
1.801763574,-2.31139893,-0.639503797,1.864181126,0.329585949,4.139118729,-1.010337175,-12.64849858
-0.119283641,-0.414765964,3.513586661,1.292191483,-0.648961093,4.168474242,8.490874304,-10.61755047
0.230979822,2.481015144,4.393345433,1.862250592,0.910908045,1.546580319,10.73444198,-7.953007417
0.166785412,-3.727764124,7.624105946,0.845708071,-0.368484228,3.37541498,20.63724085,-14.03812944
0.34938239,2.151787157,0.858133843,1.815544535,0.885586323,4.599565817,2.974280758,-21.58269881
-0.467124437,-0.387815362,6.630385214,1.857005124,0.049333405,2.902683911,18.78359742,-10.35411209
0.502172952,-0.264490154,6.794455784,0.685117618,-0.85345816,3.408489966,14.03910008,-11.97999886
-0.655215899,-0.662580533,3.14632929,0.771814127,-0.071302956,4.490858964,4.970446551,-20.49289828
-0.389085244,-1.949392754,6.723508376,1.880030485,-0.388789375,3.866614418,18.7963349,-18.55177064
-1.85015324,1.199887265,7.010872322,1.672358272,-0.383026096,4.188516209,16.42786404,-10.84585331
-0.604828756,-0.96943495,7.501071776,1.325484977,0.480408709,2.391916665,19.0743265,0.978029168
-0.341804025,-0.714057933,2.050863385,1.426004904,0.229176437,2.943388074,0.331314166,-1.521555747
0.131776687,0.080337941,0.27500222,0.864422453,-0.231621269,3.523354319,-2.110585885,-11.50972446
0.043090722,1.419716682,5.423085567,0.34816822,-0.858664366,3.016042256,4.332972619,-5.024203884
-0.423307256,2.330543794,11.05709829,1.663266848,0.427994742,4.622193297,20.00725547,-12.60297343
0.669456313,-0.986990472,5.630225259,0.525909036,-0.692374704,3.202745962,11.51171548,-15.11819553
-0.473173714,-2.127994776,7.212589152,0.953163203,-0.741654538,2.551384193,11.87753585,-2.347273731
-0.306071115,0.374366209,6.249270554,1.813957794,-0.987827379,3.114126415,10.5027573,-10.30199847
1.189418981,-1.178354978,11.54907126,1.18863622,-0.414763069,1.122657662,23.67958816,-3.285839931
-0.625824441,-1.807125045,-1.592290447,1.408944203,-0.92289241,2.507330523,-3.592273262,-5.744577441
1.135911134,0.44497483,2.603961219,0.125223907,0.947260555,2.704094062,3.735041244,-4.556226115
0.685520263,-3.043842298,0.927068994,0.638201068,0.608145454,1.708907118,2.618375018,1.978808321
1.633034117,2.492361091,0.206885615,0.245341831,-0.899358241,3.601938903,-1.253298453,-18.84404457
1.812250048,0.457284841,3.403045538,1.460153636,0.486046191,3.787137355,9.271816478,-6.212705715
-0.859463398,-1.028342922,9.333733159,0.80216481,0.978333239,4.417527009,22.52551442,-11.55243984
-1.391874775,-3.618351911,4.551171186,1.983964222,0.846755159,3.376432372,9.815795491,-14.05274357
1.001080818,1.688094926,1.127257873,0.486687152,-0.586042416,1.698867819,-10.07504918,-3.118759434
1.124014943,-4.6828427,3.00531441,1.750962686,0.385112788,2.871428321,11.12010184,-12.40926529
0.335983259,-0.336367521,1.923777417,0.429858185,0.590631981,2.095791985,4.387561628,-5.719851261
0.257180091,-2.342430889,5.052898486,0.626508904,0.751707855,1.975889538,6.682038272,1.335533337
-1.447415343,0.253512553,6.766304649,1.735149216,-0.046088324,2.775464122,8.010055151,-10.06469254
1.158027771,-2.203705662,5.114848717,0.652869674,-0.606468452,1.225499783,12.36268988,-3.017092952
0.185456202,-0.681002348,1.498052042,0.780606714,-0.915272049,2.974849793,1.928294776,-13.01094318
1.258813427,1.607049853,6.974713086,1.657033954,-0.97732141,4.300472917,12.37272616,-19.20749121
-0.669256224,-0.05389893,11.31142029,1.769659096,0.159068688,4.048311136,24.7004107,-12.55376833
0.660529622,1.856028575,5.426748556,0.660430974,-0.532554756,1.965266446,9.583205863,-0.473471507
-0.405492528,-1.683324626,0.86640115,1.86337503,-0.647779067,4.233159622,-2.858918126,-12.79257702
-0.333936896,-1.643911673,8.094271506,1.744135838,0.777222899,4.713763935,10.73576985,-12.06317031
-0.3320838,0.997592906,3.153034539,1.691027297,0.785258199,2.230461564,12.76063929,-13.9778015
-1.126263669,-1.144785529,1.270189513,1.095773337,-0.165449604,1.36751435,5.913467501,0.573839965
-0.353088581,-1.323833203,4.290154165,0.662474755,-0.711494486,1.813675262,16.2056256,-2.080260965
-0.466343408,-1.79385097,6.326247911,0.213200141,-0.087821384,4.440135373,15.45855414,-9.785291161
-0.273415708,-1.216976671,8.61327011,1.254767161,-0.013993086,3.355206312,23.73415671,-16.90724735
0.945967713,3.449022188,4.401418336,0.871666787,0.818206385,4.952483192,8.307685019,-11.28025912
0.889722287,3.021341399,4.955900876,0.103683509,-0.405292459,2.385009021,11.00194484,-0.657733338
-0.457318947,-1.619246177,9.818830348,0.608735442,0.249649061,2.846619508,25.63585784,-8.428979752
0.760876446,4.155044735,5.990739863,1.016565521,-0.148239493,1.134073608,17.12361498,-8.054161167
1.264907041,1.271214387,2.581608113,1.416707913,0.538841596,2.375124379,4.46939114,-7.613737685
0.46545324,2.479537216,8.508810096,0.609895802,0.310698232,4.71543399,8.993398549,-12.34128468
-0.657627197,1.247412911,-3.312053978,0.518750718,-0.09480986,2.299077498,-17.109445,-7.191300554
-0.466859547,-0.29137027,-2.031794667,0.643319191,0.530690214,2.595515611,-5.075328292,-9.303493047
-0.566776635,-2.3075836,3.873736331,0.265639429,-0.689566946,4.830880685,16.24524546,-22.9305701
-0.60629759,4.441535566,2.397926563,0.601884957,0.448331117,2.611667742,1.942006545,-2.707203885
-0.960346824,-0.377763172,5.909400342,1.880468129,-0.89891031,4.299737114,11.81907922,-19.39507261
2.071656127,0.178126811,3.529565346,1.027846199,0.014418615,3.681677237,12.82279188,-13.49322092
-0.968493623,2.398564902,0.131497599,1.011066721,0.333655066,3.949314514,-1.606618955,-19.6787384
0.436742766,0.923512289,2.641450591,0.998384751,-0.259297706,2.129031517,5.966142023,-1.68615518
-0.311006261,5.020774552,3.392380576,1.852508596,-0.016542084,4.632708527,12.83069539,-4.606545809
-0.443412773,0.809950507,3.077810233,1.111974248,-0.022806748,3.932212898,11.13064743,-11.34451751
-1.941889423,-0.303371053,1.008132257,0.951190322,0.686981443,2.702176862,-4.001998352,1.339163063
-0.685445229,-0.862662546,4.785977707,0.655744361,0.097115358,1.486523964,2.648529314,-7.617826349
-0.119455308,0.744457793,5.490789489,1.095476423,0.217820516,2.008258537,7.319441718,-1.572253349
-0.122577148,2.01997409,5.357390491,1.67224084,0.909419525,2.801230141,10.00188493,-3.197776856
0.432758043,2.512674655,4.139074589,1.351799871,0.613962936,2.274977588,11.31828301,-6.631380922
-1.434723345,1.176476871,4.330245828,1.700439808,0.875065946,1.548317435,8.295738806,7.854233383
-2.688611858,0.148424988,9.51595497,1.291850021,-0.766646217,4.571122004,23.22202024,-12.61541264
-0.547115633,0.71266868,6.591558885,0.123299236,0.977039035,4.847513152,14.97398105,-20.59287338
-1.003804755,-2.40238478,5.775366971,0.290267297,-0.904932049,2.153549284,13.9373333,-8.793911036
-1.424887159,-2.746664904,3.798280103,0.522464073,0.807051469,4.702820895,7.038875108,-13.74236833
0.629995611,0.772754447,7.281326488,1.053667769,0.114031932,2.310783968,10.19204208,5.741638664
-1.34427637,-2.299038897,6.746451517,0.994199073,0.534679513,3.346149943,14.36936034,-10.6032233
-1.706684998,1.356193025,1.615301825,1.503826719,0.358578486,4.742091982,8.197331479,-10.97066576
0.009473524,-0.053355507,3.972319872,0.815674262,0.628615368,2.339934314,5.667265011,-7.393207361
-2.102187864,0.726149665,7.225433491,1.037314204,-0.861510281,1.276020335,21.59422027,-7.608068779
0.32728849,-0.105767413,5.041507064,0.139827482,0.596700736,4.073773069,9.243624416,-10.76967471
-0.197740064,-2.813626452,3.110852175,0.08049783,0.749272199,1.903968597,0.770579643,-10.85543939
-0.703416845,-1.581188371,4.625283635,0.927032379,-0.982147527,2.000214013,3.544306562,-6.599930835
0.753452696,0.611339601,2.188631369,0.633192742,-0.953484927,3.596913222,4.58945922,-7.060708625
0.063176913,0.226677912,3.114958544,0.070408188,0.778827164,3.32051493,15.78424988,-5.078717846
0.933582669,1.780085768,10.85879206,1.350413017,-0.251850969,1.894422293,17.9476149,-13.36458628
-0.218130936,1.497110134,8.336185728,0.391571214,-0.859232785,1.555480566,19.97507072,-15.11981
-0.141594683,1.415196493,6.864427759,1.137388212,0.874580578,4.961875021,12.42343503,-18.98148898
-0.63733296,-2.679494173,1.602573447,0.083682523,-0.924227423,4.233485341,4.590580172,-22.9998014
0.421706545,-0.596401151,3.880618932,0.452166548,0.50970165,2.188121399,13.43463171,-11.00058377
-0.167170811,-1.063162927,5.244751845,1.563175754,0.555637624,1.756360794,9.449894403,0.496170427
0.897125574,-1.600437827,9.152288966,0.294904507,0.601545019,1.155862043,16.46474405,-4.001868791
0.341574378,0.424593054,2.986467406,0.460047513,0.16713248,4.573352549,10.91456059,-15.19451909
2.451815817,-0.876261765,4.665996029,0.018543082,0.995586018,2.336291487,12.3765142,-6.706245783
0.136108156,-1.962735041,5.273943215,1.653584183,0.814205803,4.051022339,8.870300715,-19.17744703
-0.516570253,6.233458407,9.123489816,1.789364226,0.356929182,3.532454436,16.42236273,-18.83706698
1.66038717,0.661534614,4.198061005,1.844547464,0.908758101,3.961705205,15.31841124,-23.95320081
-0.72073135,0.089682999,3.26981707,1.309219189,-0.502596307,2.379388478,2.04019332,-3.995929452
0.457271199,-3.076347639,5.850175184,0.046903919,0.863862969,4.382154714,25.03135991,-12.24510942
1.508774403,-2.796596164,5.131410616,0.314158551,0.944918603,4.874278676,10.71556769,-11.87962379
-1.039179551,0.35528501,1.277515493,0.062760101,-0.753044768,4.001702595,6.910225946,-10.06607645
-0.509946858,-0.711406756,10.71972123,0.809012955,-0.423417819,2.615514791,18.90842102,-18.23833989
1.16474439,2.116739779,5.522167056,1.080741935,-0.383290578,4.957098918,18.79220579,-13.46775885
0.050373501,2.982615115,6.40982479,0.029701235,0.035250108,3.961515089,7.177587829,-15.73619849
-1.206058187,-2.282613423,2.808549779,1.188653059,0.448569187,3.184101048,8.717845529,-5.173142998
-0.594540097,-0.937375262,4.393587586,1.691961368,-0.897679026,1.186313927,12.76657829,-6.930995707
3.592576832,-1.05476829,3.762693849,0.79471874,0.708606808,4.378175465,4.226332092,-17.94048967
-0.692573394,0.946990895,5.41448061,0.837862284,-0.445372723,1.995041945,11.28405532,-7.262124607
0.692116373,0.259767603,9.357293619,1.951412447,0.620648158,4.66996205,26.59213012,-14.30949644
0.963784714,3.001041478,8.538175406,1.388992935,-0.766415113,2.052178376,16.17174464,2.62090729
0.091995389,-1.020525815,9.555886335,0.804260807,0.861203488,4.961963968,5.481721271,-12.97514585
-0.102691047,-4.189168976,1.975823251,1.211375771,0.247021099,1.728415786,9.721787844,-1.052764912
-1.007952051,-1.197158781,8.511067916,1.592578544,-0.316385714,3.484110202,21.65434014,0.028049691
-0.500494934,-0.869085852,5.371278475,0.467590549,0.505304484,3.440163912,8.720170424,-5.297466184
0.41246949,-3.63224899,2.438444552,0.794361197,0.652469273,4.834861005,6.609760728,-19.45310958
0.411716883,1.625639925,1.840674612,0.828635092,0.051079627,1.508905122,4.937838892,-3.225694565
-1.992066245,-0.301295131,3.152451326,0.869995937,0.495285688,2.168390388,12.37798531,-4.168179054
0.298930445,-1.584517122,-0.659749149,0.021715789,0.26655373,2.137254701,-3.877173615,1.90829343
-0.308380095,-0.212455689,5.952384198,0.977267608,-0.0314538,2.839752887,12.30244495,-10.66501246
-1.196033281,0.386687589,8.30920102,0.936680434,-0.644015536,1.726776868,12.84174803,4.460722506
1.669095582,2.0169864,0.596567715,0.788050482,0.03089407,3.938827928,13.678133,-9.940821491
0.984362032,2.286669769,5.830120825,0.764457975,-0.763358578,1.880980207,14.98849204,-20.63577888
-0.295710834,1.412308848,4.386762966,0.245184798,0.232379962,3.63434012,15.1158986,-6.720333807
-0.597849521,0.241464022,4.205782615,0.820898436,-0.389973074,4.35439421,7.182769675,-11.43567597
-0.195640268,-3.34735887,9.607495612,0.840020443,-0.277453268,2.303490863,13.38800646,-14.62614815
-1.655857886,0.305055892,1.115859631,0.22358168,0.842931272,4.770932043,-0.886909649,-6.850937797
-0.132949936,-1.332286956,2.53751581,1.737299135,-0.85410496,3.054844425,4.422656755,-9.542456746
0.477446065,-0.237621407,1.02049229,0.78655913,-0.942067247,4.77025241,-3.417939044,-18.85156869
-0.815680323,1.298831194,8.917134563,1.699289508,0.675782072,3.632258491,16.03265107,-16.50315093
0.807081051,-1.630587576,4.749126118,1.958761358,-0.130712419,1.368457459,13.63986373,-9.330305752
0.605532477,0.763807293,4.589455228,0.90213858,-0.883631906,1.66451484,11.44272235,-2.685252651
0.153125939,-1.23038717,7.371959908,0.243115016,0.798548833,1.500915185,17.08111088,-5.74686041
-0.786321834,0.868369625,6.315634108,0.034080172,-0.789757496,3.881511779,8.279859028,-15.98222252
0.27977535,1.54416739,3.868640887,0.785450358,0.545770642,2.568469337,3.089934378,-3.759667565
-0.806903699,2.701071935,5.633663149,1.064172108,0.767182382,2.264146736,10.70946498,-9.741903106
-1.124235496,2.408532964,3.268770014,1.540622885,0.034289488,3.514200025,14.74086391,-15.76171269
0.213553903,2.676079021,5.974778231,1.248830297,0.30342682,1.159828201,10.23369807,-7.649847502
0.185698354,3.22543201,4.237866177,1.090796313,-0.305444174,3.232574388,15.0088147,-19.14660004
-0.007423751,-0.252603058,3.143607627,1.013629653,0.399765519,3.877731751,-1.912243281,-21.13532305
0.601398824,2.436372597,6.54751433,0.073578505,0.859080283,3.037541208,24.4859041,-13.87260057
-0.100593525,1.23506652,7.073068117,0.633931514,0.562314795,1.955080754,7.865165824,-6.775527086
-1.028122369,-1.022178822,0.153120835,0.486958671,0.824761689,1.042226378,3.180551883,-2.968302
0.704933427,-2.033652891,2.940714138,0.314377726,-0.230299235,2.698733269,9.959466095,-2.957782116
-0.976472165,0.86772161,2.905731561,1.746444278,-0.639242026,3.610053708,11.30868784,-10.79693615
-0.441477823,1.725138645,6.737137154,0.488985028,0.259271445,4.172672534,18.18154604,-20.57404882
0.807563083,-1.084952146,5.289962827,0.371371404,-0.424818184,4.107278538,9.561911181,-14.81213443
-1.53815563,3.985842341,5.472795136,1.639194436,0.080782203,1.030395765,13.73643161,-10.2632124
-1.144796897,-1.942744348,8.047566679,1.940889269,-0.29352131,3.861620198,15.51928679,-7.92622489
-1.041066753,0.545946932,4.594185738,0.525945529,0.787344951,4.250674596,20.89438683,-4.15873131
1.529456313,-0.998791165,3.092032456,1.566500109,0.906592862,3.087930054,5.850189407,-19.81147307
1.228481779,-1.938174137,-1.287627912,0.167338997,-0.893773312,4.840425054,-8.780874598,-17.69990798
-0.251488927,-1.831363079,3.493129851,0.466526,0.351950264,3.023874798,-0.975547866,-9.619356209
1.10075689,2.179153853,0.03597337,0.90248278,-0.771909018,4.263727791,-2.071664059,-13.36931505
0.321141442,-0.101438218,4.725037014,0.028085424,0.525135467,2.472987783,10.57557372,0.840089826
-0.490795173,0.351583367,7.702249731,0.031715227,-0.048212722,1.505667133,10.26303496,-2.679441252
-0.898562575,-2.138694981,8.126610864,1.037825328,-0.311225914,3.747512604,9.237948032,-13.69633747
1.443795554,-1.219700607,4.946446678,0.730285173,-0.773937869,2.444343126,11.2266446,-8.735311047
0.226879138,-0.666796041,7.668130037,1.902897414,0.426239407,4.074920702,8.198295543,-13.49808311
0.7693302,1.605990292,7.193858109,1.996833313,-0.194280599,1.19224347,9.605593075,-6.954991636
-0.858692601,2.706292435,6.544553925,0.777495877,0.725974813,4.035999761,14.29341526,-11.60005218
0.390964487,2.603665052,10.18713478,1.373208907,-0.541318311,3.047990614,5.522948666,-9.246994853
0.372383511,-0.797881512,7.288993528,1.522102318,0.063144629,1.578243437,1.879440131,-6.615485772
0.899062798,2.375236363,5.292091045,1.97366672,-0.728213928,3.537438282,6.915479414,-8.852823449
-0.494894721,-0.9991345,3.364266958,1.416564385,0.908519129,3.725206617,9.604435743,-15.73238157
0.976399406,-2.093274816,10.59573891,0.197620964,-0.518995095,3.547606412,22.46080842,0.958695181
-0.326131158,-1.203234206,6.994112608,1.415538079,-0.750558646,2.620960518,14.85338205,-12.04112295
1.529133442,-0.945724423,7.696451702,0.948490949,-0.639168022,4.48341947,22.44417035,-12.46493459
-0.77804998,-1.362830062,2.566826551,1.287377456,-0.496946299,2.831036466,3.023488969,-10.8234963
-0.096345047,2.058231985,0.075781953,0.952900828,-0.176450896,3.229885661,0.998496742,1.766702078
0.004636149,-1.936678018,3.800087724,1.40422134,0.389796082,2.688306953,12.36924734,-7.283846808
0.220397851,-0.934887794,5.073058573,0.748058105,-0.697255771,4.374953719,7.819652435,-10.81648971
-0.272793841,1.469716153,7.225071967,0.612574701,-0.777751032,3.847147921,17.22669483,-11.54662788
1.016724127,-5.453330232,8.691079655,1.542992167,0.338402494,1.015100909,8.987341314,-2.458496747
1.41961209,1.426810741,3.542078856,1.06935013,-0.469275273,2.800984354,12.43020168,-7.043849653
-0.244774583,-0.818797616,8.439615739,0.567642014,0.890484411,2.14403206,12.79267852,-0.964191295
0.052672249,-1.254113613,9.082835403,0.359326049,0.371499348,4.746828556,26.6696509,-17.28161995
0.020363586,-2.799679351,6.879925549,1.192904223,-0.210455825,1.947539732,10.32916887,-6.968664587
-1.916014298,0.931822797,6.040998541,1.141281207,0.868946121,2.30028079,16.04172101,-12.43597028
-0.690854449,-4.738758435,3.225721356,1.513240876,0.377455869,2.819229443,20.47112164,-8.25065323
0.976644969,1.250834885,5.113000169,1.039409334,-0.099202999,4.789256457,11.15828357,-22.36238696
-0.264302571,2.385531843,14.97359166,1.352681984,0.695188653,3.033275173,29.80775778,-19.0168648
0.719865056,-0.97206339,5.407976586,0.526103276,0.035683947,2.255833639,11.48040158,-4.538829626
0.987738531,0.173224635,5.201791863,0.21776096,-0.259899976,3.795977678,17.21212928,-18.69256247
-0.489121703,0.077925506,2.062241164,1.908450376,-0.138901988,4.996827243,7.576662736,-16.25149045
-1.131934368,0.966515472,7.199676601,1.32547279,-0.525706323,3.675471328,22.99707947,-14.56563303
-0.645816272,2.903693712,6.103753675,1.221173168,0.453835342,3.646602673,10.54183602,-9.239155244
-0.364183279,0.076106517,8.209297574,0.25743117,-0.389409946,2.451122184,16.01309694,-1.999921576
0.155221187,0.463021479,3.568896444,0.645675731,-0.812962311,2.010546966,4.808190422,-1.710245035
-1.286930456,-3.822369763,3.021132797,1.872014147,0.542435108,1.26285748,13.55280463,-8.137889791
1.211642484,-0.347399691,5.384897021,0.941771484,0.706868071,2.845667991,14.19140974,-15.04581417
0.698983058,0.859540705,4.201976379,0.353338625,0.331668836,1.141921107,9.599546072,1.915323897
1.9673098,1.819926183,6.797784535,0.562262228,0.358122508,2.268041853,15.46298907,-7.450736503
2.178076102,2.166184458,4.974515958,1.941266342,0.964987631,4.97943097,12.57564125,-10.73640465
1.484522727,-0.632517185,5.311074473,0.863410647,0.547113201,3.296309344,7.825532319,-6.552173869
-1.385988071,1.732255441,5.067004748,1.342751343,-0.668424574,3.071139182,17.32981789,-18.61722896
1.195528512,1.131461431,2.899947175,1.621829003,-0.211808034,2.636231827,6.968015239,-11.37462631
-0.273747673,1.36462404,5.701656973,0.080052068,0.142375053,1.14832278,16.08375558,-3.116208742
0.479291202,2.733549991,5.224162022,1.435115183,0.897507489,1.860959331,7.303200416,-13.68406562
-0.689228727,-2.021224645,-0.322535799,1.980888085,0.408362242,3.14347569,-4.07734544,-3.28237931
-0.188924787,0.433142304,9.959729267,0.786051837,-0.655796728,2.395921697,13.68454266,0.960807216
-0.675124738,-0.823342816,1.109277163,1.173227184,0.024393569,2.255955218,9.822271093,-13.95137313
-0.356027385,-1.324074219,8.157729225,0.429282616,-0.017282056,1.839348775,17.93466597,-8.520276966
0.903221462,0.151485438,6.426062681,0.952928666,-0.459517958,3.934857966,12.86923523,-6.047063163
1.217035788,2.275410225,6.485049097,1.872097347,0.881674477,3.157832584,12.23519237,-15.71587148
-1.600128599,-3.088234735,8.588038453,0.34010888,0.302932319,3.692246302,17.43055352,-13.08834792
0.747234026,3.00829015,10.84801455,0.209946164,-0.616516135,1.583603652,23.01516591,4.080018799
-1.52613211,-1.95521352,3.288326424,0.565178815,0.21332707,1.626586994,1.564848187,-0.025833235
-1.681028152,0.544414434,6.629668986,0.960337105,-0.611928933,4.047615688,20.50869287,-4.559798563
-0.032473508,-0.71024715,3.813982529,0.38571908,-0.689578937,2.276865706,13.88670969,-1.041993034
0.844204351,0.005884431,2.516520125,0.780572583,0.246802109,1.281928176,7.753202479,-3.589687874
0.660331807,-1.473422344,6.426062681,1.083408045,0.003045003,3.366857252,3.025535332,-6.297349131
-0.601511374,0.059935701,6.451280696,0.839014931,-0.822627908,4.769838642,20.76650733,-11.20459196
1.34803031,-0.462778189,9.459352567,1.323946011,0.092758038,4.678059822,13.58395027,-15.19969124
-1.130715646,1.467569746,4.014474952,1.560605833,0.984338931,2.151424967,6.116276861,-5.383458577
0.188508693,0.059967533,7.877145562,1.10223695,-0.215590032,4.999425221,19.98439646,-14.18984288
-2.632805263,0.046600235,5.210638973,1.296424566,0.578325729,3.339693285,7.219219949,-3.459622166
-0.997733878,1.119037734,8.778425253,1.007672512,-0.079477916,4.225036822,22.37932111,-20.57173
0.656514203,-1.702615009,3.053049239,1.951916608,0.214665065,4.193865649,6.437018126,-16.79412629
0.434008598,-5.061228876,1.767005541,1.862430752,-0.12424996,4.299963193,11.59206593,-16.42611422
0.523046992,0.9836549,9.294402061,1.873652073,-0.269075839,3.481379512,17.7661889,-14.61284161
2.269680408,3.363693395,2.169770722,0.470399245,-0.357617814,1.545458021,2.111762595,-3.335398735
0.898055532,2.041056177,2.12213139,0.00010916,-0.482596447,4.512957206,-8.085756892,-11.96776499
0.842321697,-2.47013304,4.610123496,1.834657482,-0.998492299,3.271757362,13.80807933,-14.08058623
1.262997102,2.994174793,5.503378033,1.088296521,0.339936639,2.425976506,10.28906811,-2.72699993
1.372941369,1.841235644,3.417008555,0.99962896,-0.684910429,3.38713915,5.178259269,-4.980708255
-0.434092726,2.057122401,-0.048541425,0.763925495,0.71041148,1.647696097,-8.83330242,-0.651762595
0.767238362,3.985460353,5.174507022,1.295794161,-0.114263005,2.828298106,7.42937689,-10.21906766
0.695158633,4.925095709,3.502362359,0.412459031,-0.418327425,1.206263816,11.46966158,-0.085870648
1.106018317,-2.984806997,3.017493681,0.198933,-0.829037617,3.67595686,-2.338753095,-6.936042547
0.924956112,-0.222089511,-1.963364285,1.466928271,0.364773079,3.806938761,0.1692604,-17.63463188
1.063544914,-0.139521035,4.437239921,0.663456219,0.741146436,1.219760995,2.402617863,5.891775624
0.515074134,-2.256902008,0.48742835,0.708666449,0.448147173,2.523050706,-3.328201476,-7.357796917
-0.635858441,0.470706709,6.852572495,0.557005173,0.009532958,2.913210367,17.24197662,-3.759954341
0.623438154,-2.575206963,3.042981133,1.58594017,0.220421877,4.326635012,11.98669568,-6.164754281
1.827302185,2.863598638,9.45023943,0.896435661,0.630492229,3.754648189,18.29989972,-14.46835588
-0.087520675,4.006014933,5.836921572,0.394149848,0.682890157,2.372119444,3.603441908,-10.37731748
-0.191807885,-0.727982297,-0.005404091,0.476487138,-0.665130164,2.211497494,-7.798970475,-3.589288214
-0.625216217,1.44564865,2.475251803,0.319321629,-0.842671698,2.638375816,7.713309767,-13.6650439
-0.757688667,-2.173346729,5.6121968,0.838615387,-0.783226371,1.182335597,7.549136879,-8.892846117
-1.157595761,-1.076814442,3.618623067,0.608811617,0.314387468,1.514372334,-5.56607458,3.647769544
1.341106781,0.271061253,7.810093065,0.296849962,-0.08982025,2.055819618,19.73354645,-17.3605192
-0.445626256,-0.188506419,8.910333817,1.157319101,0.391050772,2.160321003,20.90548039,-5.038743155
0.208157189,-0.183015345,10.74318619,1.062132399,0.390317047,2.515103579,16.06055437,-16.52643449
-0.900167834,1.638100002,-1.083182598,1.259231547,0.058604407,1.345856842,4.492750375,2.530572837
0.656773409,-0.532988906,8.650616236,1.904618498,0.964263169,1.815940379,22.45366775,4.400869616
-1.499583959,0.379254743,5.258489763,0.923094096,0.371082699,2.509943361,11.51813992,-9.681387593
0.633660875,-0.611084943,5.072403736,0.44247302,0.786915933,2.618071115,4.806028099,-2.188322834
-0.779795073,-1.258567863,3.508726549,0.64404175,-0.303919401,3.921236492,4.39185558,-17.49800536
0.914428711,1.855314622,7.662618499,0.409691387,0.026632508,2.221724256,21.75271564,3.25655041
0.273380465,0.730224201,4.742195769,1.683142098,-0.387441242,2.519563523,15.97211283,-11.58704724
1.607763807,-1.256344149,-1.523641787,0.569233007,0.275048589,4.304129338,8.298026185,-19.2187788
-0.317357944,3.155428203,3.238101853,1.099149704,0.741635261,1.501776504,6.451141442,-7.467712916
0.822394668,1.03000275,7.217309429,1.409083386,0.663831345,2.357696554,20.58283715,-5.801161323
-0.233837909,2.025385584,6.574819635,0.464463067,-0.986590482,3.805988531,5.205384948,-3.33933343
0.789657406,1.504740794,0.108769326,0.230774755,0.37376418,1.249240579,10.82552106,4.196123311
0.770512543,-3.05219146,6.458770384,0.631303349,-0.145421922,1.986414608,11.10512246,-0.498512579
-1.304129,-2.281544766,7.694944214,0.3153845,-0.106239843,3.670317893,11.7260686,-0.803603692
-1.501007318,-1.721214176,10.3855365,0.667289408,0.426962631,1.032831494,23.69981646,0.155404713
0.343441116,1.543953658,6.56374881,1.133084198,-0.039068238,4.798915967,12.75685579,-12.92543559
0.830976887,-0.594236553,4.767615009,1.746116732,-0.619882154,1.380661598,16.52305971,-5.08555144
-0.548827757,-1.389998943,6.048733793,0.983916891,-0.359363983,2.779471748,13.1294428,-6.494085046
-0.599789018,3.816967364,5.409944505,0.691191501,0.169536258,4.581675457,12.34059826,-9.66942145
0.136799372,0.725424343,8.617192306,0.85556245,-0.604116713,2.219399782,20.981787,-6.331827174
1.219100341,-1.665594027,6.232650675,1.438094315,0.61039715,3.452143898,11.72305704,-4.949133261
0.385541625,-2.838442015,8.646455298,0.051149809,0.944893786,2.182485501,21.33394335,-9.395323156
1.473431439,0.308732524,1.11766043,1.674836931,0.829856709,3.033813647,-2.572484138,-11.50272864
-0.916461431,-0.341808573,9.842049748,0.984293728,-0.598299121,3.305965302,24.72894155,0.334428595
-0.176753474,-2.187116479,7.88367346,1.024680824,0.38666836,1.358826062,19.78550588,-8.619108635
0.008895995,1.767830327,6.8350147,1.810617307,0.73511938,3.78962198,-1.407937563,-11.14407864
-1.058299404,-3.358472895,7.191150088,1.045080645,-0.848581457,2.176622855,15.03020715,-1.512209033
-0.418878017,-0.420166089,0.305124685,0.67040886,-0.108555195,4.500325558,7.723725755,-8.923455735
1.463863555,-1.811854418,2.377312866,1.561712729,-0.487169727,2.97166128,12.20059064,-10.78962295
-0.382710823,-3.040704541,0.897915142,1.705829735,0.138406497,2.711131214,1.227850842,-11.11646237
0.529823865,-1.692301339,3.471523668,1.880352397,0.197995501,3.982314197,6.558331077,-13.80058943
0.106647349,-2.253755156,5.44508397,1.082742994,-0.289611383,4.754706839,4.510335455,-13.81953109
-0.772840849,-1.779990271,6.003072612,1.661503924,0.501485743,2.357842826,8.313824108,-0.352089783
-0.472447255,-0.278769221,3.387752385,0.896448975,0.47088811,2.264376337,7.523854063,4.129993306
0.615655154,3.073218977,3.42565785,0.617921397,0.216458574,3.373100958,4.31116521,5.437422101
1.251555659,1.008461368,8.462043878,1.404925727,0.019246034,1.707801223,12.24106543,-7.084058241
-1.216731107,-0.395136794,7.306394435,0.586693829,-0.531908789,1.015157159,14.68554276,-9.264869097
1.382868504,-0.666068445,5.357867975,0.563187342,0.208976023,3.746378455,2.853654476,-11.08170752
-1.326488928,-2.541437425,4.587309958,1.489663706,0.260010675,3.382688602,10.22560926,-9.159604226
1.521389095,2.349092938,-0.615356713,0.777905455,-0.000582207,2.847328427,-0.393608818,-9.263146368
2.143060556,0.921804713,5.731414502,0.256985906,0.214854869,1.048875557,16.41540282,0.356007955
-0.912464202,2.009614946,2.046218141,1.162117098,-0.93422185,2.45149123,6.99757268,-14.22127237
-1.473099474,4.387802619,6.224663038,1.702067228,0.533371316,4.213101131,16.15060003,-11.70040359
0.185085582,0.825732513,4.795513759,0.643899238,0.371708882,3.590716702,10.50284712,-14.82813268
-0.121866606,-2.541269168,7.74834747,0.014493686,-0.68882445,3.175613999,15.64260063,-11.06055702
-0.262141384,-2.282372407,0.198099896,1.595383187,0.927476902,2.544473079,-5.0533333,-6.584544472
0.697436917,1.330681698,7.91670176,1.605217795,0.104283969,2.959035746,13.25049541,-4.677526821
1.052014795,-1.44324531,13.09159246,0.895475588,0.700658595,2.513779708,32.20444912,-6.598238593
0.035391849,-3.001014193,2.854988578,0.258211291,-0.030992994,3.095551648,11.37042207,-5.961820848
0.682223344,1.217324552,3.855660124,1.757160846,-0.899244002,4.936551662,4.795582552,-18.55618199
-0.126112809,-4.292232916,5.619379534,0.602339241,0.406058056,2.623785459,7.512547907,-8.563697851
-1.033572516,1.418366082,0.038469933,1.515623535,0.61774725,3.962213804,-8.446480681,-21.77098436
-0.590081299,-0.717886905,8.561319772,1.084749451,0.478027978,2.927411594,18.90595402,-3.745271226
-1.361909199,-0.144314072,5.893851393,1.384029885,0.216221836,3.006666985,7.317911493,-9.849369175
0.543318492,-2.505462362,1.09043698,1.390285046,0.040398166,3.052022669,3.30515152,-10.46755937
1.285106919,-1.123239599,7.136280273,0.520776311,0.971977106,1.344990442,14.92396339,-0.807572533
0.713858981,1.398493623,5.099599902,0.687461971,0.01922529,3.254354262,11.13366582,-5.466518865
0.514339717,-0.688721684,0.531520653,0.173341456,-0.880557887,1.932079949,-0.677731552,-9.904586576
1.719804459,-0.576997081,8.610234671,1.349850153,0.463589821,2.46770148,16.37908443,-15.06291429
0.736579295,0.576997081,1.638739503,0.931525635,-0.445882469,4.658782361,3.353205809,-7.221234347
0.887195029,-0.590753189,2.639049525,0.151348041,0.053340868,2.155139922,-3.125859368,-10.6943996
1.324369805,-0.406600975,3.931157279,1.706532499,0.499962631,3.436665205,13.51408517,-6.216837446
-1.002072167,1.032508408,2.677759893,1.691705398,0.871945606,2.032092989,0.189999153,-7.556410183
-1.270782377,-1.709145181,1.981682671,0.492626169,0.789808193,3.386865647,-1.929876109,-2.618362015
0.486259069,1.639455149,7.158953976,1.568022291,0.306301832,1.05092507,15.05905518,-3.85128988
0.937448021,0.695038125,6.923230002,1.750644415,0.014888341,4.897658946,17.23408903,-9.961444339
-1.050898391,0.287291186,7.558233518,1.08067567,0.22834853,4.953904496,14.48394758,-18.0449961
0.793545496,-0.801264832,6.533718432,0.915993236,-0.14626405,2.272872413,13.67870257,-8.592808345
1.003336365,-0.444485977,6.81962605,1.09832471,-0.259884288,2.166648148,8.912107912,-9.099092719
-1.89590537,0.156194346,2.375969087,1.543402371,0.124768393,4.85542631,4.706236066,-9.570879279
-0.946602086,0.569998519,-0.717101885,1.963645769,0.982376221,3.149984825,-5.38898232,-6.259412954
-0.081702183,2.196220521,4.149374617,0.994444058,0.797140092,3.794946061,13.32755008,-10.39959963
-0.543666374,2.97747647,5.15544515,1.621279587,-0.466465445,3.658445313,15.2746168,-15.04938335
-1.360062925,-0.240972895,7.186661732,0.846016381,0.115266105,1.49037472,19.93561116,5.597300512
0.281440862,0.428590283,4.072397259,0.997321011,-0.722577498,2.72791824,3.22521262,-2.103123255
1.654211701,-0.32277967,8.394070518,1.974232409,-0.360011663,2.121861613,16.18327022,-11.63675465
0.66761686,-3.145059964,6.512715926,0.924100372,-0.716019871,4.128128795,10.89174591,-4.65306751
-0.092222763,-0.741049462,4.732646074,1.354959587,-0.145964857,3.460649955,12.66063694,-11.2264157
-2.008127922,1.806815817,7.020804004,0.805783183,0.768651877,1.143798743,18.92762955,-4.389810376
-1.749795047,1.190505827,5.055814553,0.79795261,0.732103835,1.82546537,12.95500513,-12.08853628
0.172683485,-6.527407095,2.856734808,1.189523658,0.469150396,2.59647954,6.546566763,-10.86398546
0.30626893,-1.388143573,4.096053216,0.324125683,-0.989297508,1.031621579,8.730265816,-6.474092302
-0.299892235,2.160904842,3.682708338,1.580355627,0.876778723,4.463879859,11.27340172,-13.20800123
-0.125514816,0.066729626,3.187665824,1.037027474,0.019992139,2.428787277,-0.241856216,-4.630495193
-1.138605512,-1.872158464,4.01463525,1.320756264,0.007875704,2.627761415,7.294415834,-9.043952962
0.787927092,1.526309461,2.184258973,1.950524252,0.366952834,2.786102452,5.563053972,-1.772678958
-0.567026746,-0.921536412,10.33568709,0.461101432,-0.623712977,4.023914391,17.56025429,-6.964475674
1.020180207,3.518825906,1.474218733,1.731761142,-0.744008124,3.929164838,6.172653027,-7.749724572
0.583927431,-1.265370884,9.285002433,1.709506119,-0.544535958,3.473424656,16.55130748,-21.04626437
-0.915606506,-2.192446118,5.886702765,1.669349868,-0.01584604,3.848186766,7.572574557,-17.929395
-0.859390639,5.256733857,7.562551344,0.763226376,-0.324388256,2.474979396,11.75713581,-10.62056151
-0.220708216,2.630040399,4.221413418,1.545705979,0.006581712,2.978704096,8.909789838,-3.613317283
0.192259222,2.682077138,6.498210622,0.680381441,0.618834451,1.079738248,17.04563377,-2.468270192
0.540488827,-2.143842721,8.46273282,1.170876775,0.750612301,1.160737107,9.898777787,-6.783574769
0.042455213,0.173722583,5.549134711,0.925965528,-0.459062059,2.50855149,17.30488864,-16.23840908
-1.386515578,-1.840730874,-2.657872629,0.702636408,0.543971731,3.224896872,-4.485979136,-14.95185172
0.093964445,-1.31923116,8.075840596,1.210109516,0.532884852,2.841720805,10.61318815,-10.62639076
0.268123586,0.461916443,11.82983227,0.310630019,0.195704402,2.801576857,16.44177817,-8.042331039
1.819489626,-0.403213107,3.640809054,0.758728787,-0.796115124,4.102241695,14.45364321,-20.50213637
0.069466068,1.877688192,4.998062776,1.954718486,-0.306881873,4.376159616,6.271540113,-14.37008122
1.258558768,-1.917519512,2.145876023,0.95360067,0.236366971,4.114658115,6.849126092,-12.82874639
-0.061900209,1.015946509,0.585490069,1.166456047,0.619682275,1.058939131,-4.892416402,-3.962097856
0.592106062,-0.040904524,2.398601863,0.626782893,0.999988895,3.589974788,11.45979811,-7.385495628
-0.476055675,-0.60782213,6.181508651,0.340090972,0.813356746,2.706266829,16.00459998,-17.02238982
-1.222670107,1.101871021,4.843507794,1.908959655,0.086828362,2.226589555,8.918503934,0.166793762
2.366887202,2.237557055,8.749128155,1.884922405,-0.675723707,4.290659154,26.39707079,-8.096857428
-0.660146497,2.590145414,4.602241587,1.890856128,-0.88834611,3.108392936,13.02980652,-9.828140747
0.595546226,1.956723281,1.184760676,1.618945568,-0.433077805,4.760079184,8.460953066,-19.29971608
0.401653324,0.167633516,7.583471996,1.618156186,-0.738675552,4.650852805,6.827741597,-11.28840969
1.316479938,1.927137419,7.191763997,0.351020239,-0.920007483,4.883090962,10.97077418,-23.09802392
-1.860435077,0.639313384,1.391961758,1.597164554,-0.565767876,4.109792789,7.15844524,-14.19429157
1.564189915,2.13158728,2.919558155,1.544664689,-0.860686392,3.287405224,-6.944195522,-10.61981339
-0.532247668,-1.342384621,10.98091901,1.179430169,0.443817603,1.419595054,26.30176484,-5.078018198
-0.417485353,-0.609634299,7.886893071,0.682844858,-0.757543978,1.134066105,12.7735905,0.770807804
-0.045205297,2.641581887,3.079174475,0.57352846,-0.041641077,2.249025917,1.102308741,-7.095544962
-0.002891056,-2.099936864,5.516167802,1.292835523,0.138425912,1.378591428,6.651333731,-3.147073962
-1.200303359,-0.593686309,4.79743734,0.686635819,0.524308141,3.986126292,2.166826814,-8.442431521
2.19721187,-5.271940609,1.376859599,0.288204087,0.046927458,4.824590061,2.622234686,-23.12747585
0.401987563,0.009440555,9.276857908,1.846091531,0.709789343,4.8851515,14.32167781,-12.39546248
1.931121005,-2.085753295,-0.03695901,1.260363961,-0.570511474,2.741257624,7.180757418,-16.57636758
0.484114935,2.432534529,7.829758614,0.937096318,-0.586344763,2.316880666,14.17598358,-2.893658983
-1.72649834,0.466670826,1.962324076,1.777812173,-0.696439203,1.813359054,9.847107119,-4.358005841
-1.551225068,3.007089617,7.147105533,1.689199789,0.946319657,3.125623674,22.01281975,-11.7905108
0.104934088,2.264932846,3.164306589,0.380858471,0.79448113,2.357092119,3.157466633,-10.81779199
0.839361292,0.595064193,10.9640297,1.088319797,0.844355627,1.64723601,24.06913498,-5.535738811
1.726402843,-0.47123649,5.959280442,1.390822201,-0.91497885,3.095626139,9.394656243,-5.549867006
0.838246024,-1.91957497,5.084924068,1.548728043,-0.049526269,2.1885203,7.978022748,0.289596254
0.516442924,-0.796808308,3.273019628,1.472218757,-0.388004848,4.460679145,9.713758143,-15.54907341
-0.504163609,-1.640437404,6.367700406,1.580653093,0.802512125,4.6343947,13.73856778,-4.698870343
2.033884812,-4.379835445,6.170942596,0.03652781,-0.178714786,4.271715125,16.22981588,-14.26233903
-0.344598448,1.337366484,5.775585249,1.922897695,0.340587097,4.716101335,7.988861651,-13.30124612
1.229627742,-1.830067049,7.699350716,0.141553084,0.247337818,1.515141201,16.26973019,9.283625238
-2.465421858,1.168227755,5.25317263,1.082674395,-0.993296315,2.978157041,12.76832111,-11.79841878
-2.576525731,-1.432545105,6.34974016,0.50855451,-0.331165517,3.885382253,12.1212918,1.778545177
1.116213753,1.464318302,4.425817805,1.275650876,0.101149581,3.61952882,14.53252142,-12.12663808
0.520010417,-1.844200597,12.48750608,1.864276914,0.021007097,3.420879343,27.43459279,-16.863887
-0.794830157,0.784143595,4.278704763,0.902091292,-0.9337229,4.719114259,8.28543082,-15.88713349
1.145745046,0.096715667,7.551889793,1.448347218,0.919216408,4.153346888,23.61996965,-15.09704097
-1.039113613,0.568672931,7.827569006,0.371694233,-0.72982475,3.301152107,8.912837782,-8.825938159
0.14915372,0.503323463,-1.108803063,1.064981453,-0.164566982,4.463469846,0.546513118,-15.31706606
1.19005108,-1.323669494,5.894796131,1.143275282,0.122731031,3.537700449,15.03822775,-12.07940007
-0.361188768,0.627769623,1.39196858,1.027663679,0.740429784,4.13145251,9.231094989,-23.47336724
-0.349297125,-3.385384844,3.002456323,1.943458679,0.403380535,3.322331014,5.053245812,-11.01809607
-0.772927251,0.683667167,-0.391621016,1.710019732,-0.383343799,4.417356321,8.927341949,-16.13208626
1.221246748,0.691325113,5.750728759,0.301631675,-0.859225634,4.507692372,22.37528522,-10.6184182
-0.028463774,1.974253792,-0.563078957,1.523565797,0.994762304,2.785699517,4.171000708,-12.04835101
0.456252565,1.615294423,2.497297954,0.570348723,0.970047303,1.251788376,24.40103006,-1.823712068
0.759310979,-0.144432306,3.156602032,1.850989575,-0.414970723,4.807235708,0.643289038,-9.614106763
-1.807093213,1.112252903,6.655422466,1.581794225,-0.41293656,1.210550582,3.989933955,6.431270482
0.060423417,1.218368197,8.740397005,1.215546568,-0.22475728,3.723633933,17.50690219,-4.370655389
-0.25960162,2.779825081,4.999693046,1.691160965,0.504397734,1.115515595,10.13423573,-5.24508287
-0.780216851,-2.004244379,7.676874828,1.342332633,-0.587287392,2.470611145,12.88966703,-8.314222708
0.628044745,2.571496225,9.04003913,0.58456125,-0.539201967,1.561506318,13.35442337,2.597384481
-0.355944394,0.713187092,4.777331823,0.720936225,-0.367462791,2.236689818,13.45332637,-13.85640134
-0.428997282,1.327248356,3.33598622,0.775135787,0.052868168,2.045766693,12.37725544,-11.81170574
1.312032509,-5.363617674,5.981381163,1.70716595,0.555305627,1.200810857,16.12056283,2.135273916
-0.114361001,0.186762463,4.205216454,0.338118987,-0.978327556,4.02807714,0.475500908,-13.44275502
-0.323241238,1.137432264,6.71395186,0.76581981,-0.751226496,1.892491945,13.73058924,0.249701138
-0.460618139,1.641960807,5.975194325,1.133542572,0.136284492,1.112112049,6.913811628,-10.5834173
1.123612492,0.680884114,3.27229999,1.450003313,0.533449924,1.267208645,12.47740445,-8.554258712
-0.858578915,1.929188329,3.517082531,0.205675617,-0.307121724,3.975700628,11.3826525,-9.458949267
-0.910749804,3.235436452,3.693680254,0.790094182,0.205191998,1.600446988,1.942659108,-2.706922459
0.390664354,0.248821834,5.492511845,1.112921297,0.661916645,4.712530287,16.82434347,-20.32522438
0.773252395,0.162540346,3.807666088,0.868240984,0.833053966,1.496531068,1.389727256,-7.902347016
0.608149548,1.813277777,1.884262146,0.526211865,-0.861993857,2.197653948,6.052572442,-2.053685156
-0.982390702,-2.493088687,6.173067403,0.04280766,0.469251051,1.969903293,7.147258455,-5.76622572
0.721931883,-1.13378519,-2.186281437,1.468343057,0.702419165,2.164638494,5.951975507,-0.473844995
0.073504225,0.551058292,5.085524334,0.441766094,-0.441087403,3.079164497,15.13271743,-15.93392108
1.304965735,1.802773113,5.910617928,0.762736661,0.644016528,1.517695362,7.307731974,-2.624195616
-0.431564331,1.016560418,8.993586688,1.315057789,-0.014208251,1.905948956,17.20969183,-7.044447209
-0.775038416,-1.023499863,1.290598574,0.176253951,-0.798077101,3.284103283,-4.48164312,-14.38997218
-0.26456064,-1.230127964,5.364361767,0.300158436,0.718166957,1.923875021,18.17937234,1.525489671
-1.313017037,-0.555664883,8.151283181,0.762827441,0.232054335,4.567482101,16.58880708,-19.47110972
0.675993306,-0.926261237,4.163310349,0.840808476,0.13720343,3.671664755,3.058145265,-15.31524438
-0.602597083,1.219596015,4.688103571,1.468052461,-0.021946021,3.66954019,-2.929256172,-12.83851254
0.984387043,-0.79397978,6.271255314,1.557720357,-0.84677327,3.961980888,11.27092903,-14.46525827
-0.02087063,3.835375537,10.70493285,0.606045918,0.28164361,3.012786913,21.49846184,-15.48771272
0.190859737,0.216323315,2.112984147,1.813741978,-0.415844829,1.909642384,1.604986462,-8.424862715
-0.033456899,-0.966920197,5.448136461,1.561427123,0.895966565,1.359545868,8.142698132,-13.97089315
-0.805919171,2.179203875,4.055016815,0.905651371,0.510061115,3.887404443,6.810325911,-13.74672971
1.314267593,0.328291208,8.430168363,1.282599397,0.597156416,1.606476493,6.539618223,-12.66909635
0.797895154,-1.883263394,9.89408194,0.648059826,0.407875407,2.050425619,23.46199952,-7.057815702
-1.318112481,1.822691047,-3.132410585,1.941490787,-0.838030998,3.503384854,-5.776024611,-11.06554887
-0.328598162,4.048197297,4.256856427,0.63565802,-0.786976467,3.389240298,16.3132893,-13.59577127
-0.634390744,4.735047696,4.276743665,1.504334044,-0.713477298,4.961682942,13.39214694,-13.87872136
0.772072326,0.04798494,5.311756594,1.342284431,0.587060033,1.005201938,5.210337147,4.576287523
1.080293259,-0.733318757,-0.83036126,1.774438116,0.717977176,4.428965801,-3.884374539,-11.63904648
1.40638349,-3.675941116,6.22388883,0.98140995,-0.95759811,3.628219209,2.222783476,-3.966233749
0.567697498,-1.785901986,8.581415058,0.557024734,-0.351429893,1.480245203,14.85610144,-8.748295784
2.133965609,-2.342253538,6.838473054,1.91471029,-0.482217251,4.481126878,13.41547207,-12.29020956
2.072374627,2.075985321,2.162117324,0.535839979,-0.625338936,4.299441386,-5.870746211,-15.42485496
0.608060873,-3.144987204,2.66815904,1.862524616,-0.071498194,2.711369258,3.148971953,-11.82428021
0.413808721,-0.35528501,3.186751782,1.451228978,0.329848786,3.983122857,2.007440142,-8.544925265
1.324283403,0.707145773,6.31406523,0.805430839,-0.231460881,2.345854473,15.78878371,-8.910429015
1.353218977,1.214089025,2.223310402,0.876114658,-0.163028002,4.776127638,9.046583525,-14.40002836
-1.24303142,5.338224582,4.965014013,0.859049555,-0.011635107,2.377215077,3.774226823,-8.103247052
-1.064195203,-2.671499715,3.515479547,0.045876167,0.448748931,3.853797109,2.27959961,-8.437316818
0.917032139,-0.835334504,2.057664132,1.040735486,0.123283855,4.768015398,7.910302909,-13.5317715
-1.376920409,-0.678560355,4.530393779,1.641305081,0.031754494,2.03478754,8.388580025,-16.21089512
-0.521811216,0.097190878,2.464283297,1.414502741,-0.302216084,4.674182672,8.699718162,-14.88228199
-0.700119926,-1.653934305,4.263967538,1.547576329,0.654270345,4.988166654,7.898564743,-18.35441409
-1.600210453,1.534317562,7.735373528,0.115353584,0.32169151,2.116961794,18.64212097,-12.33110863
0.307215942,-0.736245056,9.948910828,0.747692057,0.669207758,1.776880063,21.06915988,1.446391368
-0.147999799,2.203219083,9.019227617,0.4604067,-0.625209342,2.02322688,7.621330294,3.293612789
0.737188657,1.31645038,5.795643018,0.055413011,0.106596023,2.374172388,14.39238761,-8.161933185
1.42269073,2.676442818,1.724141056,1.326468414,-0.440635395,4.715329898,-0.390024272,-12.74490742
1.403145689,-0.307165919,6.83850716,1.954639365,0.240916641,4.54960222,8.104551651,-21.60008683
0.314711315,1.381090442,2.855200036,1.623806616,-0.914013443,3.164505241,5.698690327,-11.81854229
-0.451186679,0.152817847,6.726277787,1.317797065,0.176071174,3.839578496,17.63892558,-12.3046867
1.091530066,-0.887243914,14.06948117,0.215278091,-0.771777589,1.795778102,22.08231879,0.003786489
0.533152615,1.393907496,10.97600774,0.178875594,0.734065579,3.642554947,18.71123007,-15.6619713
1.435460035,-0.963743787,3.638943453,0.362116479,-0.559811619,2.421002201,8.909514716,-9.075572699
0.715720034,-0.832023943,6.921951025,0.091655026,-0.753878944,3.783984392,11.20064328,-19.75372881
-0.34489176,0.215386535,4.806434516,0.446025892,-0.443403531,3.425681641,6.767662651,-9.12933082
-1.869930202,-1.76147978,2.249681201,0.357173038,-0.283138907,1.431333434,2.568652942,-8.863756431
0.711077064,-0.630245722,0.14080173,1.007247676,-0.715612986,2.421025869,-1.797444586,-7.297513351
-0.76196784,-3.321529221,7.513834261,0.811685142,0.692544422,4.181783089,19.00348482,-14.80160099
0.322424967,-2.249362296,3.219408326,1.992174097,-0.405899963,1.228377381,9.858209776,-3.98151373
-0.023878783,-6.47327397,6.352441359,0.470053879,0.039320766,3.338649963,9.195870259,-12.83770268
-0.229617854,-1.933226486,8.489465144,0.195541524,0.864122203,2.689931274,13.30355988,-13.56554061
-0.432783054,0.293325684,1.205217485,0.466400916,-0.698125978,3.674926275,8.621988198,-14.26219343
0.754259872,-0.713639565,3.077056489,0.800194775,0.596690109,2.485900066,7.707888042,-10.17465646
0.251509391,1.906951184,6.732846613,0.873585559,0.5706588,2.522402913,5.767025212,-5.238646507
-0.621078016,2.330707503,4.480598945,0.352488486,-0.93754853,4.025760257,14.97543624,-7.588526514
-1.433968464,0.444174475,4.312773298,0.273988579,0.621851938,2.952642138,5.960101842,-9.711384874
0.896563961,-0.252193786,8.38432983,0.926040465,-0.534483593,3.056414946,16.02855835,-8.68907711
-1.238158802,-1.367654932,2.42811724,1.962102707,0.934256811,3.165997568,6.518699845,-10.55287013
-0.593645382,-3.65289452,1.757660483,1.060204243,0.054216835,4.921119727,3.148055637,-16.90506004
-1.941825758,0.561508386,3.09171868,0.852709577,-0.777650669,3.259254337,5.355183273,-2.549235547
-0.492871095,0.121744961,4.611037538,1.4898587,0.025204208,4.287648836,14.66229721,-19.29061841
1.036360118,-0.525435553,5.705013008,0.055166277,-0.392872353,4.513983611,15.59090495,-2.792632952
0.416551984,-3.894128895,7.825133834,1.179619704,0.994366462,4.522546567,22.73250291,-10.3892172
0.769132384,-5.321780918,5.232859065,1.868364979,0.317132545,4.440148215,12.23370762,-15.70444058
-0.810632628,-0.013087629,4.381254838,1.610209645,0.046689145,3.571057576,14.75182787,-8.64866523
-1.263974809,0.6386108,3.802481969,0.793496634,0.704457042,4.764680181,-1.036418073,-16.66317192
-1.136061201,0.615341378,4.581873453,0.297931829,-0.190500655,1.97979516,7.562507588,-6.375533665
0.578279469,-0.760433068,-3.455681382,1.340244538,0.255494196,4.417257957,-8.461346372,-14.98683397
-0.853594884,-1.340431481,5.281593202,1.489947536,0.090945806,2.854481435,14.52582071,-6.764441048
-0.401882971,0.554341568,9.757889656,1.548234046,0.526160282,1.269483308,24.84241693,3.157483685
0.469256065,-0.467562131,5.19862,1.169614928,-0.824142742,2.205949186,10.20759899,-6.632615478
-1.213279575,-2.053152457,1.076398929,1.718101415,0.632937074,1.387968727,-1.257466213,-1.618889893
2.099022822,2.299079824,4.14635282,0.130477209,-0.226589417,1.590388585,7.710538082,-3.9497613
-1.87716978,-0.936597644,-0.604360922,0.930446703,-0.288326895,3.660950733,-0.306537206,-18.29262028
-0.342481599,0.704185368,8.389732228,0.017744384,0.08986793,3.598964912,21.00233931,-19.54568807
-0.612758413,-0.458642262,5.588104285,0.22985824,0.41030683,1.803278748,10.98335022,-3.797410141
-0.854477094,-1.242403869,5.377011702,1.227443372,0.026886508,1.705923016,18.67133394,0.47639644
-0.711916073,-0.560039553,9.051635187,1.64076112,-0.118454213,1.448122861,21.44192311,-10.58729938
-0.243492195,-1.595449248,9.004746188,0.272145144,-0.859955263,4.600926045,10.56104909,-27.91413413
1.136597803,1.319449439,3.972725734,1.943432465,0.731890408,1.764040711,7.271925167,-12.58927097
-0.961952082,-5.046967999,5.979965762,1.269442101,0.882090573,2.232225748,1.6729098,-1.212344613
-0.848999662,0.770896804,4.181877683,1.513385944,-0.703737166,3.018152566,3.76012056,-10.73408977
0.790553258,-0.77724053,4.26882424,1.47755815,0.289457073,4.090171784,10.7001654,-8.638266361
-0.908364655,2.795759428,3.877153757,1.319822224,0.905027664,1.517169299,7.988530822,0.308445254
-0.727488896,-0.608774826,3.507532837,0.252126695,0.799952584,1.064405687,6.781876916,6.414912342
0.900288342,0.803993316,4.668571036,1.493359072,0.803083081,3.46638449,15.81783752,-7.381324995
0.81416033,-3.775494406,3.013284994,0.885921389,-0.582662563,1.524127426,13.20805384,-3.634482919
1.286230145,-0.985996849,4.637193469,1.680789579,-0.80969038,2.009646597,12.87998773,0.072610053
-1.618009264,-2.696488082,5.728464329,1.030462467,-0.466223052,2.130353379,9.37065013,-6.333204904
1.391667865,-1.070593498,7.11879069,0.982677157,0.189157401,2.849235111,20.43309339,-15.58755812
0.349141374,0.534989795,1.453223048,1.854986011,-0.831564183,1.094507989,4.976575408,-5.420779672
0.828040356,2.528804544,4.956112333,0.749886593,-0.099228194,1.39576417,6.36320581,-5.823746328
-0.415900558,-1.975736268,4.321811401,1.3439719,0.27175077,4.608411893,7.492657258,-13.01230658
-0.733020897,-2.009542186,5.407519565,0.135728954,-0.684805751,3.578686764,11.75391051,-5.379591245
-0.231618742,-1.99641363,5.154104782,1.196536613,0.469747984,4.988439219,5.543628302,-21.56565713
-0.618858849,1.787725523,7.234880867,0.190858962,-0.945639574,2.69795486,14.49540948,-2.35108766
-0.384530949,3.935565474,5.186246325,1.766576068,0.635680729,2.527338327,16.64104846,-0.980891066
-0.33679953,-0.253862709,4.941869646,0.843981047,-0.113981753,2.975256654,12.60879006,-8.154552562
-0.751738298,1.051419076,5.61118044,0.789450586,0.308674385,3.138590877,13.5493656,-7.93240951
-1.135529146,0.229838406,1.265107711,0.296002427,-0.109603755,4.296869889,10.37826794,-6.495656832
0.223453753,-0.821191861,2.064410309,0.912794856,-0.110306276,3.492217268,12.05045126,-7.305175567
-0.282323072,2.37540462,7.197019739,1.343142243,0.082426088,3.695624833,13.15505758,-8.424425394
-0.337388428,0.462264325,1.23370968,0.191674678,-0.664731676,2.366573595,8.055195647,-14.45407684
-0.005196625,0.279728738,-0.132524166,1.476308849,-0.145271857,1.002413634,0.003303765,-1.277995889
0.400971203,-1.354253527,-0.536476237,0.322831804,0.415901568,1.5659502,-5.43561666,-15.521838
0.471961812,0.925460881,9.803755473,1.834131225,0.057645224,4.925015185,24.86324209,-14.83474251
-0.376278422,2.214937922,3.620147608,0.243497483,0.843272977,4.730214184,2.376215232,-14.88964039
0.969816938,-2.656888682,8.693064627,0.4621903,0.888931761,2.709790899,18.32450041,-12.57482364
1.179842002,0.060492766,4.15035346,0.032363866,0.276098937,1.455644252,8.437693876,-4.014480822
-0.162757487,-1.217206318,5.912677933,1.939503777,0.394840721,3.012943211,7.254622031,-5.637444504
-2.50453013,-0.97157681,3.494681677,1.239976891,0.087993799,4.536547573,8.720586518,-19.90823459
-1.772277756,4.106914275,1.200722308,0.291606408,0.911784568,3.755060546,2.604682575,-23.36182497
0.230961632,0.633303898,6.987045835,1.028895027,0.363231504,1.302588562,23.68076482,-1.747027963
-0.131137767,1.044863893,1.827577888,0.638711259,0.831888392,2.605956335,-0.690625913,-9.85606937
0.621728304,-0.529801127,5.008761845,0.82013113,-0.451803084,4.308128539,7.9611448,-18.94966296
0.057411853,2.502265488,0.800972101,1.943901357,0.545563723,4.716357505,4.109870158,-13.81591892
-0.728900886,1.834860086,0.967777977,1.15011071,-0.710511757,1.820583458,5.92163249,1.980985833
0.134247102,1.983107722,5.674979219,1.910703247,0.428901343,4.546170359,15.13591203,-23.46159955
1.506541594,4.836547305,4.646006472,1.189478572,0.544877523,1.485228185,7.69125111,-2.907133401
-0.409213499,3.442601155,1.896253833,1.566360959,-0.24346515,4.230102548,14.67279278,-14.14823902
-0.234729214,-3.221648512,3.569271611,1.82863203,0.081217997,1.333524525,9.379356268,-0.457625597
1.884063749,-4.666762834,12.92471837,1.818521907,-0.969119722,2.546697068,30.14711754,-10.790308
0.04586127,3.176937753,6.183793756,1.897683172,0.004832191,4.337618801,9.17015657,-11.14992135
1.268876986,-1.109929144,2.439675781,0.361063531,-0.78536705,4.359195707,10.74506943,-19.83979392
0.266722964,3.126806405,0.294797372,0.394762773,0.335988831,3.002248683,9.20225946,2.125651
1.308462743,1.300534223,4.416752416,0.777930023,0.964289292,4.793615417,16.16171292,-12.31771436
-0.492573236,1.92387688,1.162196112,0.669889495,0.810126361,4.294321231,1.550321283,-11.25133588
0.284953785,1.344540124,4.591818778,0.832743955,-0.206244812,4.656933037,10.4527692,-16.59456627
0.197642294,-0.575159902,-1.4955384,1.927655593,-0.356554904,3.073559656,-5.440397192,-17.93368369
-1.185890142,0.135837581,2.928221092,0.107559255,-0.618266851,3.317135739,8.732980657,-17.35214751
-0.217672778,0.237923814,2.562536009,1.748405077,0.789043106,1.100370212,2.887101143,-0.888994261
-0.147097126,-1.242187864,1.90029199,1.444135484,-0.552516778,3.922145916,5.592595496,-3.264390325
0.704374088,4.337125574,5.788255647,1.585080039,-0.149484339,1.506404281,5.740579379,-2.82131129
-0.715323267,2.870319804,2.385573351,0.440208127,-0.383281776,4.136749059,0.229562172,-13.93607802
0.517080707,-3.472750905,6.524322215,0.577990419,0.18318414,4.341427216,12.3824964,-10.7590373
-1.713315214,-1.252087714,3.302248514,0.284964892,0.775840669,4.367219306,11.26903387,-14.22373564
-0.847660431,0.846739567,2.244906353,1.404943451,-0.445878896,1.854879873,4.282197804,-7.849057253
-1.582416189,0.678646757,-0.04772288,0.884581096,0.113400425,4.966030074,-4.872839529,-16.0657791
-0.665044126,1.38748419,10.31642399,1.154479648,-0.079051158,2.067458217,21.98913196,-2.915745015
-0.367527946,-0.507400273,2.607845899,1.339437093,-0.612811869,1.770246363,1.344382124,-13.34739807
0.221963319,0.032155185,4.2324706,1.919226726,0.470920574,2.530617433,5.074560957,-8.573981523
0.353927589,-1.085493295,5.745558282,0.443576288,0.762081733,2.087202844,13.01820933,-0.408998757
1.777434591,-0.449927029,7.894116733,1.186667118,0.307684223,1.618195493,23.61179784,-11.01775459
0.157126578,1.303499175,4.355160298,0.314249584,-0.75126664,3.011651895,6.475339685,-8.494238347
0.582012945,2.27872988,3.427028913,1.59275268,-0.538426802,2.833399507,3.677329257,-12.82557342
-0.367415396,2.386414053,5.386714873,1.394292639,0.660734102,2.945516494,11.32243485,-14.48319281
-0.526142685,1.420501121,4.384999683,1.876388486,0.958051843,3.295715959,5.234645667,-10.0703599
1.421840352,2.819760994,5.290177695,0.461291214,-0.022681122,1.098122057,12.75467869,2.180894253
1.004952992,-0.452719178,-0.321621757,0.921429239,0.798379342,2.137405601,6.61916263,-3.84479284
0.185984845,0.619093043,4.013707566,0.461215019,0.361600621,1.375934804,22.30539056,3.439873628
-0.294521669,-0.817435648,2.504016847,1.640831742,-0.578357708,3.33625139,11.39741587,-12.0723806
1.322005119,-0.194311269,8.554464456,1.459092306,-0.457990166,2.377117161,16.27613872,-3.516451105
0.122771553,-2.647093424,-0.66826202,0.964382258,0.559271991,2.208130792,4.154504748,1.350966663
0.31509785,-2.171677806,4.405241624,0.372606199,-0.315646462,2.054226958,6.019829496,-2.524815753
0.814995929,-0.520228696,8.355121407,0.392393454,0.929916128,3.392478946,20.25129222,-8.743629809
1.386338226,2.529077392,4.686920091,0.956784079,-0.89964423,3.393642864,6.384734686,-14.11848359
-2.34307663,0.336881385,-0.439451343,0.670020743,-0.320565448,2.955621523,0.144062849,-5.341344781
0.594911853,0.397581061,6.080919674,1.038621784,0.256518385,1.130934214,16.25829443,-11.29080916
-1.358457666,0.877003004,1.042920429,0.116319321,-0.695502854,1.611339411,2.645680322,-2.75685739
1.202283784,-2.632041287,7.519011559,0.97883057,0.683536006,3.781481545,17.47557124,-5.238733853
-0.073109732,-1.278631316,4.391080792,1.205387965,0.18965268,1.360324312,5.690453716,-9.163320279
0.609959443,1.778330443,8.092231964,0.955534579,-0.507406533,4.970714629,12.27367082,-21.61550637
-0.704972081,1.769217306,5.698416898,1.669664983,0.018392031,4.800764272,5.853327164,-9.162432359
0.346299203,-1.702042027,4.811219595,0.059377412,-0.885141304,4.445117768,8.781304384,-7.125005156
1.056851033,-0.789748356,8.114653282,1.956169188,-0.569891442,3.094320756,21.13625785,-3.436980437
-1.201565283,-2.747556209,9.530756996,1.335542753,-0.165471484,4.248953271,12.54992983,-11.11320838
1.165890353,-0.1029548,3.592395514,0.467050165,0.920775728,2.157630865,4.013610376,-0.81955311
-0.208829078,-0.032027856,2.604425062,1.712125768,-0.522335078,1.301949229,6.771128963,-7.178130044
-0.233193305,-2.274846338,7.935848897,1.697779745,-0.885661742,3.860695702,23.18635441,-12.05151143
2.369961294,2.890710675,5.687448392,0.584169556,0.68310783,4.71267065,7.378281478,-7.017714355
0.005585434,-1.226826498,5.873046702,0.137723112,0.993290493,3.855617901,19.99636995,-14.85947463
1.667531251,0.287379862,5.531675823,0.712336857,0.233320249,3.370058366,12.72700504,-10.39488105
-0.725497102,0.720235676,5.836488425,0.24555902,-0.586576947,2.570961897,21.33572141,-0.918619208
-1.436542334,2.639853847,1.372739588,1.110450523,-0.598745179,4.156603915,-2.157663605,-17.3373137
0.394329618,1.202729436,4.864128313,1.341932664,0.889773593,2.042003172,2.00239472,-3.28714686
0.097313659,-1.216135388,9.39843916,1.862289208,0.424781465,1.947311866,22.8151396,-6.880362541
1.772154974,-1.046150828,5.660617161,1.494717568,-0.697922724,2.470525256,4.918937318,-0.764511003
-0.719663831,2.078704711,1.735696186,1.718164096,0.012775069,4.117979467,10.70876467,-16.9676686
-0.849488515,-0.647623892,12.54404027,1.183953469,0.710578682,4.88089354,21.91209094,-10.10550714
0.003874447,0.977911441,8.525269676,0.705957502,0.695904447,3.177719752,15.15291276,-7.780585704
-0.044642547,2.356309778,5.068614554,1.027743768,0.066034413,1.935878369,10.98253054,-6.386585327
-0.623838332,1.628031896,8.006121005,1.289515928,-0.159628979,2.30773989,18.2884344,-1.522333176
0.94538791,-1.61186108,7.175249847,0.894202475,-0.884257959,4.184328846,16.28849079,-12.74198522
-0.465356607,2.013948688,7.510116701,0.860995999,0.276480599,4.014918984,17.97028179,-18.19727261
-0.451374262,1.338330549,4.408873919,0.759755311,0.809426882,4.743370585,8.91130642,-17.79421686
0.607226411,1.427868028,7.880535703,1.207511242,0.037609396,3.829422499,24.21364232,-8.935793355
-2.303131623,-2.712940841,3.566198656,0.641446144,0.101119483,3.103948078,12.85356236,-11.29594103
0.692980393,-1.751755008,8.404302333,0.785336955,-0.484842454,2.055349747,22.93898549,-15.84993955
-0.282584551,0.223010375,6.827756932,1.15820075,-0.747121746,2.263201366,17.82750249,-7.116703867
0.467696282,0.491972969,3.417349616,1.880000804,-0.875178345,3.625355599,6.904582531,-15.60921365
0.653112693,-0.715904207,6.626203812,1.173505496,0.87754851,1.351549165,9.300016498,-5.873409526
-0.655909389,1.061625881,6.220638524,1.106868731,0.95781012,1.486824341,8.053306172,-7.623138531
0.27299393,-0.99286126,2.410000105,1.142768193,-0.085318099,3.056704986,7.518596047,0.153888301
-0.142704266,1.233311195,2.194286152,0.505013652,0.058705377,4.040698619,-3.380899873,-15.92723979
1.317807801,-0.320801519,4.323779321,1.764455568,0.661270468,2.021691427,4.058248376,-8.234150933
0.734208925,0.504908257,8.048596682,1.204730295,-0.027238642,4.567815447,12.93940502,-13.96140178
0.47292815,-0.508996436,7.760536972,1.902071524,0.200138126,1.274218148,13.26090571,-0.720981924
-1.035216428,-0.902800821,9.331714081,0.116110017,-0.278514175,1.784409205,21.82276264,-0.876330895
0.920356342,0.326208465,8.118773293,1.461049768,-0.987744937,4.565506136,14.61222839,-9.541275857
0.519447667,-1.101830094,3.438092916,1.863448951,0.970848651,2.461625105,9.904359811,-5.763013205
1.397506821,-1.346816134,1.498024757,0.986525,-0.946728392,2.53314731,-2.472082744,-1.780267453
-0.159229785,0.129903128,6.719088232,0.525668295,0.335923252,4.60683395,14.11645487,-14.80655327
-0.369670943,1.029779924,3.980808869,0.907039865,-0.137898291,1.05818928,5.287942056,-0.207409589
-0.985451152,-1.762414286,6.291930403,0.619016811,0.343422159,2.987234981,18.14951363,-5.188688909
-1.212295047,-1.37031293,1.944227405,1.815535898,-0.103769539,4.458322193,4.9689402,-15.47129502
-1.052121661,4.36539267,5.88611614,1.711841627,-0.054633683,1.021101471,8.171002744,-2.473570995
-1.451135176,1.75642981,5.367165285,0.922223139,-0.228311606,3.652423879,6.279693733,-10.87405287
-1.020223408,-2.284205038,0.693619894,1.804298053,0.766832521,4.288126019,-2.258537936,-19.50634965
-1.254356903,0.232253115,2.934319254,0.837383569,0.154181736,4.534008551,2.41385467,-11.73302541
-0.472798547,-0.587276645,10.2107498,1.905638752,-0.667560904,1.081719548,17.65029768,-0.993840933
0.32360731,0.401992111,5.257582542,0.070496963,0.303884254,2.460435643,4.35315658,-6.863378117
-2.23850293,-1.963826435,4.984665919,0.842463358,-0.617351207,2.541845339,6.913600171,-3.292180299
0.428410658,1.287342002,2.794423052,1.281653979,0.178267772,2.794614877,0.555725162,-12.19222864
-0.005311449,3.434506652,3.31705054,0.758432762,0.146442774,3.092229753,8.785431217,-16.16029086
1.18858452,2.20153197,4.331248546,0.979432937,-0.736292579,1.105456054,13.83924998,1.327545891
0.025941063,0.846123385,1.511210156,1.329375754,-0.86937674,1.399903944,5.775324351,-3.619488318
-0.214101874,1.310877451,6.287714895,0.818294087,0.385124811,2.185585941,17.31473847,-1.489860521
0.964291758,2.054375727,5.47619551,1.068718101,0.792693183,3.142907173,17.98394467,-9.120596084
0.428960902,0.221743903,3.843695721,1.945130156,0.794322135,4.840863995,8.073744791,-15.26878691
1.10716428,-0.612151325,6.941521077,1.802537397,0.172120107,2.401166989,6.965743776,-6.572618599
2.196884452,2.119477358,-0.700130714,1.246037926,0.822637548,2.413587303,-2.821619748,-10.15809122
-0.099661293,-1.881121534,5.698075837,0.159425203,0.069263459,3.161795265,15.94775202,-10.33776991
-0.327471525,-0.350171376,6.908445029,1.459383987,0.110951209,2.293020815,13.0912156,1.97552786
-0.206333652,0.078121047,8.230661605,1.866663434,0.756970114,4.800842063,20.1271894,-14.28519001
0.776345814,-0.838786036,1.986321094,1.012343316,0.396705351,1.752559711,2.387211023,-0.482854685
-1.322055141,1.421653906,-1.264872354,0.454109979,-0.573173177,1.271056801,-2.154367823,-7.813014415
-0.504065838,2.912029231,-2.581147656,0.226418289,0.678410299,4.651657885,-6.263289808,-9.666967615
0.13802719,-1.476178113,6.252176389,1.412190977,0.041894832,2.414069469,19.17232455,-10.14118298
-1.67275175,-0.133791218,9.6828427,0.693753973,0.126444446,3.265562357,22.45859266,-13.78890838
-1.36711833,-1.087228156,8.514287528,1.923023751,-0.848188557,2.306526928,10.85352667,-10.58986939
1.573512236,-0.565105438,2.132854332,0.260182548,0.494928214,3.798076977,-1.974163954,-18.08405332
0.128405873,2.471938387,5.793647814,0.888075903,0.258500494,4.279759055,17.5676212,-16.02944352
-1.260614226,2.481269803,7.911640422,1.891693994,0.617797912,3.910431807,10.63129391,-7.095112074
-0.558131887,-0.379516223,9.671192073,1.700963082,-0.670494352,4.627386188,17.5891171,-9.417687815
0.700165401,1.430939847,2.042732502,0.086513338,-0.99857934,2.479661061,6.213921349,-5.942369861
-0.904415174,-3.123523129,8.2377352,0.029667052,0.877031697,1.663455356,21.73436203,1.241366572
0.797267603,0.019449544,14.10134986,0.614134944,0.27172985,3.694172013,29.47192231,-17.46179146
-1.949001671,1.059256647,6.626347057,1.766009355,0.963586784,1.949021532,12.33567903,-5.01874798
-1.562711986,-0.489233116,9.587564035,1.319227047,-0.996922136,3.204883465,20.94501613,-13.55683244
0.305774392,0.263621587,3.699157686,0.248978048,0.729655492,2.476391338,4.506548546,-11.32424992
-0.792970241,1.297096333,6.608871116,0.574048494,-0.680146064,2.70922616,11.73517492,-5.808194143
2.061051418,-0.012591954,2.018885551,0.033042963,0.785110268,3.964074058,-1.65057256,-5.689377358
0.702864327,-1.123960374,2.500135578,1.353073734,-0.65173059,2.1926924,-2.323775991,-10.48260617
-0.43584123,1.03203547,6.982311915,1.110239901,0.363968193,2.581159747,13.62986725,-9.98686161
-1.194530341,1.740954758,6.097730546,1.80201889,-0.786576302,3.551868008,19.37730874,-17.88209649
1.190958301,1.208263711,3.144371602,0.531485325,0.012097473,2.24560668,13.80330675,-1.292687073
-0.374402589,1.289968168,1.231213117,0.673856821,-0.677774713,3.91147159,2.48958602,-9.145492626
0.149898369,-2.491738087,5.083058467,1.511594328,0.640394834,2.103011329,17.27529596,-10.99108998
0.917400484,-0.658974386,1.38700956,1.365868521,-0.884029957,3.311410547,7.628913206,-11.98905302
0.547521495,0.582078883,8.615746209,0.152226189,0.108505779,4.877069801,20.58984139,-13.16495047
-0.905004072,1.178295861,1.19831442,0.465562259,-0.343364579,2.912145994,-2.262325981,-1.138291869
-0.966442713,0.790525974,3.752693955,0.704888086,-0.92848425,2.437714963,5.737483687,-10.34324017
-0.581813993,-0.919021659,-0.174460966,1.05406414,0.965213162,4.675382439,-4.255940641,-11.00662491
0.751658717,0.213954081,5.708089374,1.656004587,0.337611667,1.152650524,17.04911145,-3.855866873
-0.086232603,-0.421721325,5.08104621,0.469094183,0.239280077,2.597356899,14.09156428,-8.355957413
-2.0153675,-2.788724487,5.889727971,0.065926674,-0.419741247,3.777409123,8.924222382,-4.123140352
0.325678684,0.108148015,3.21576921,0.029607444,-0.591131255,4.915125009,13.37325673,-8.111929944
-0.89109335,2.522183422,8.219467999,1.612312721,0.8569999,2.506020094,11.15929652,-6.085299172
-0.026963107,-2.034512363,1.407821072,0.139900301,-0.402678592,4.679720497,1.863043078,-8.470450486
0.627823056,3.163513611,4.980092298,1.30435415,0.180906737,2.062386519,13.26636837,-2.029450002
-1.087714736,-0.094642019,-2.973285392,0.280191055,0.499526101,4.530222127,-11.02905455,-3.94952232
-0.198151611,-0.896870915,1.136616573,1.171056312,-0.464821645,1.44328841,12.4311521,-2.101796479
0.077907316,0.203604031,3.897102387,1.943437849,-0.257384313,3.348311725,6.665425215,-12.119089
-0.408597316,2.724100341,9.534917935,1.359930582,0.141852676,1.075166021,19.87714884,1.115315514
-0.824602466,0.860359251,3.284622507,0.353292455,0.117917759,4.315307844,5.597034967,-19.63939526
-1.633684406,-0.924794676,6.367066034,1.786293369,-0.156225609,1.37893598,20.17298018,-7.371789644
1.220059858,-2.134597707,4.038683427,0.232647523,0.316186173,1.777013434,5.560260686,2.25655567
0.528057171,-3.839504643,2.049615104,0.106925654,0.141002372,4.264792952,2.360191072,-8.382795225
-0.668935627,-1.27416115,3.735695499,1.099471397,-0.173142078,4.375150049,9.001615834,-9.037726209
-0.07370204,-3.402064976,2.861680185,0.815774061,0.001095935,3.146870422,14.03177637,-14.25474862
0.739777306,-0.606023605,9.832227205,0.714646011,0.419383531,3.451186679,18.65571678,-10.30396984
-1.086059456,-0.180921234,7.986919299,1.05550675,0.579008306,2.094506935,22.33351441,-20.93220627
0.184887767,1.597927621,6.685050393,1.901940025,-0.607398023,4.378053097,16.88023874,-12.95101548
-1.029040959,-1.07066171,5.774064119,1.906005949,-0.538567766,3.938397325,19.77887339,-20.54570447
-1.141156645,-0.476175046,5.248455763,0.241980443,0.291551252,2.643842636,16.75519004,-0.06844599
1.026814971,-2.837678039,2.100071596,0.965303652,0.10190072,1.063190676,3.227802406,1.16226917
-1.444536792,-0.036554866,4.567954774,1.858470873,0.645394642,3.045696597,12.57949523,-13.02645293
0.41901103,3.392688086,2.530128439,1.319960998,-0.852256261,3.022699666,10.69845328,-11.16613275
1.20876166,-1.734979378,3.573736093,0.584494303,0.129025684,4.513290161,7.483132574,-14.18327546
-0.079947995,-4.518842616,9.00137651,1.595754769,0.534675426,4.867736604,15.16293539,-22.08932891
-2.198703442,-0.105958406,3.24806082,1.85041002,0.289878617,2.04910348,6.429239673,-0.180968354
-0.131544766,-0.323195763,5.131195748,1.841204614,-0.010088953,1.282193754,14.68121698,5.308892628
-1.892276487,0.935369826,6.021687694,1.125952617,0.434971491,3.830423474,10.42016609,-15.08529221
-0.787399586,0.940867722,5.731707814,1.885631537,0.565842712,3.927323605,10.29809144,-9.871219081
-0.50376002,-1.768989932,7.515430424,1.809242555,0.118462195,4.527835382,19.82271558,-9.304310837
-0.354393705,-0.917059424,7.353849595,1.939619388,0.994114885,1.329264077,16.82202426,-10.4924756
-1.289195097,-0.1607782,11.79168807,1.183060892,0.088873942,2.941335079,24.05903618,-12.55051199
-0.634845492,-2.9439434,8.020963959,1.704419864,-0.295657506,1.018676667,14.78596121,0.219458325
-0.582833763,-2.18002242,7.530887286,0.184657676,0.884298597,2.898734732,19.03194632,-20.6854362
-2.437082003,2.711267371,-0.24589268,1.541564422,0.406526646,1.034648856,-4.201762042,-2.004287893
-0.193364258,0.353300038,3.108751242,1.073232399,0.493344372,3.343325553,6.91094672,-11.97290177
-2.0427251,1.765852176,5.740483301,1.816927778,-0.361141436,1.272564069,10.70949341,-9.177708281
-0.804808451,0.318264028,7.877186489,1.105156745,0.295893476,1.984300348,7.187728695,-9.576509833
-0.565360097,5.133042578,5.664440449,0.369419012,-0.918348586,4.13594049,6.717049271,-19.64957071
-0.356433247,0.900126906,4.827638248,0.825341251,-0.684687402,2.75181355,9.385815954,-5.93736603
-0.638071924,-0.846048351,4.864148776,1.510407772,0.458835384,3.73034097,7.458261305,-15.65908616
0.292301365,-0.066272605,10.72831595,1.423418747,-0.353707412,1.840684284,25.5091243,-10.89648442
0.952754817,-0.716868271,6.367417326,1.398880706,-0.760472759,2.38075978,9.282654244,-8.906335264
0.860777618,0.926102075,0.777793629,0.988023873,0.734346855,3.429622575,-7.355459931,-17.78467295
-2.300039341,1.623377557,6.955736479,1.717232626,0.167597163,3.666616503,19.52948994,-9.00452045
-0.765928689,4.7928188,7.072563348,1.528741818,0.805519902,2.823557994,9.267427029,-2.371147765
0.786275223,2.229403435,2.063509909,1.563730117,0.372993868,1.539209297,0.108303791,-8.577624666
-1.003782018,-1.307716957,5.211628048,1.612071888,0.907947605,3.49065767,9.885056923,-7.340366746
-0.95983296,1.053494998,1.138826646,0.092227342,-0.124595489,1.483454993,-2.59197461,1.000600566
-1.039359177,0.524285042,5.111178906,0.064931114,-0.076382704,2.428071045,18.20083187,-3.720108035
0.264844857,-1.371749931,9.354578778,1.297236939,0.23589977,2.590054163,26.38949925,-10.33236254
0.664085746,-1.831263035,7.147814939,0.661227615,0.767439038,1.040310601,15.37118126,-7.145025216
-0.031964191,-2.722044883,4.960314199,1.252524074,0.347918127,2.500267499,13.67989969,-11.09774036
-0.796957238,-3.089389793,7.529945959,1.172108675,-0.540033464,3.995853908,14.54032602,-10.41388578
-0.035728362,1.375383363,5.505243634,1.630500182,-0.342431226,4.316629948,-0.55810344,-13.23408988
2.429260348,-0.269551492,4.295205271,1.816564544,0.758377239,3.599532276,12.95277914,-9.628315888
1.068219717,0.257052761,6.165533376,1.000291321,0.046255799,3.338958359,18.22045422,-8.176398863
-0.087898115,2.640399543,4.259755441,1.896231393,-0.578793497,3.873147802,14.04078037,-2.22468146
1.267262633,-0.06524715,6.470270945,1.961026882,0.217702162,1.995106578,11.68240376,-3.676243427
0.716947852,1.661064744,5.989402906,0.978802468,0.920238209,1.756262103,21.46388058,-7.202053723
0.632986712,-1.810840331,4.083420335,0.733082233,0.443577316,3.497172647,0.44627657,-15.54894513
0.056497811,-0.97640168,3.987033223,0.913095715,-0.796044432,2.980684639,15.82593884,-16.02524413
-1.16730007,0.56205181,7.596664217,0.399681158,0.881223592,2.36672676,14.40402346,-0.932635229
0.838908818,-1.212656571,0.716832473,1.441216096,0.724909409,3.576663011,0.35223027,-15.02445248
0.944796739,4.988105502,8.243465017,0.518925838,-0.447565942,2.97522625,16.77265348,-5.986692097
0.811896825,2.28695626,1.793144419,1.586566225,-0.24078407,2.627591575,2.93311248,-16.73488666
2.634769771,-1.316680027,7.200682729,1.418550853,-0.857866188,3.931606445,7.109378,-16.2180786
-0.690420165,-0.150262167,3.947722588,1.584192199,-0.157013543,4.50952051,4.525767306,-12.17486962
-1.125438303,-1.556209099,15.29926352,1.518280317,-0.926625418,1.511211287,33.39988441,1.053210192
-0.518111847,-1.762714419,11.36634468,1.737285319,0.206592235,4.92810848,22.9776447,-9.66152832
1.344355951,0.336667654,6.80480356,0.554350754,0.195699439,4.719219901,18.87396709,-19.74785752
-0.92575192,2.313067853,5.66049779,0.9731153,-0.879528567,1.928868324,15.84938107,-2.505887052
0.453424036,-0.286677277,8.553366241,1.148851831,-0.236627902,4.489921419,21.82755568,-11.31143101
0.461762966,1.011860604,7.701840458,0.752724411,0.994843016,4.1092843,8.289704308,-13.51319734
-1.811858965,-0.253764938,2.973374093,1.039180997,0.326576234,2.741229131,10.56949375,-5.460551539
-0.496203256,-3.837394615,1.632177499,1.515021818,0.766772556,1.838000784,-3.939206838,-4.039756915
-1.415769475,-0.619509137,4.139657803,0.971687275,-0.853651139,1.27917815,11.23970949,-8.188170568
-1.802218321,-0.871586963,6.260808631,1.148022625,0.685308748,1.147169204,7.487768724,2.584156265
1.587181941,-0.440245458,5.892783873,0.816261713,-0.01587609,2.472819987,4.883321506,-4.448277637
1.022649485,-0.499046564,7.675653832,0.910607732,-0.829439517,2.685513235,10.19969093,-12.769996
0.126738087,0.722557161,0.810112523,0.584157189,-0.389962743,1.420933096,-5.761233954,-7.543051091
-2.344568202,-1.707442152,7.287083589,1.929870397,-0.103817439,3.622543368,12.83025656,-5.808065603
-1.400812835,1.38618816,3.792881115,1.331759351,-0.859700983,2.086383407,7.251937884,-4.439831124
-0.725547125,4.262110451,6.143596364,0.879412164,-0.994426741,3.845914369,7.573440851,-12.42082836
0.901093244,3.868026397,8.438940439,0.2802469,0.669759607,4.282798297,-5.19446414,-13.97747572
-0.292732238,0.937529876,1.531005308,0.109641472,0.649711299,2.990983886,-3.809017219,-13.86710181
-0.24894689,-1.971188794,3.021501142,0.744218706,-0.302204544,3.466167107,4.389103222,-10.04569127
-0.287808462,0.122436177,2.639029061,0.083800144,0.848223428,1.870559117,4.078400505,-9.296449661
-1.640050868,1.129703833,3.605372866,0.429013507,0.091157274,4.487083299,-0.867840956,-16.51947131
0.54601287,1.240860001,2.665659066,0.43000726,0.080302395,4.409003716,-1.892002476,-14.68452757
-0.055308647,-0.821135018,1.871513304,1.132027106,-0.357640015,4.125449551,1.915340161,-15.05963087
0.996526524,-3.158238542,0.562761796,1.979569793,-0.855726428,2.43060134,-6.261187739,-4.470937992
-0.445447768,0.47600679,0.885200406,0.629506547,-0.194079812,1.116729001,14.68486178,1.779056162
0.435613856,-0.625841494,2.215704752,0.116540423,0.100595668,2.864313717,6.581483401,-12.03278654
-0.002416982,-2.457782102,4.4440509,0.694884611,0.711399988,2.52064056,6.43471142,-14.37735665
-0.540430847,-0.971401732,-1.043865142,0.925651798,0.499600617,2.405895325,3.687902133,-6.13296575
0.90707772,0.011423253,3.33418542,1.429776647,0.787569617,1.882728596,7.994243586,-1.684164498
-1.630678526,1.672815415,2.257054929,0.25610382,0.682549933,1.019507891,10.29046987,-7.136226114
-0.794645985,-4.087378329,8.790833034,0.336907559,-0.383279031,4.869116915,11.30856279,-15.10712377
0.764598553,-0.444306352,7.206610361,0.405348001,0.229328413,1.247995934,14.51791493,-4.823205583
0.137538336,-2.388951543,4.828562522,0.683856786,0.322639561,1.067656575,15.67937832,-4.196160676
0.822581114,-3.079003363,5.337834081,1.580995845,0.603100766,2.104052702,10.76948254,-8.424618714
-0.534726041,-0.70753913,10.44239811,1.797173861,0.314578246,4.813770566,18.29255441,-11.10284655
1.449125193,-3.788882168,6.057512691,1.101087201,-0.883419376,3.041903584,19.92080913,-3.543482384
-1.068001438,1.70509793,14.05332854,1.972586671,0.370550722,3.273541057,25.48252612,-9.495012698
-0.338408199,1.571684152,5.734773948,1.264177441,-0.154022226,4.404539594,12.94096822,-8.338329277
-1.749167495,-4.068806447,4.664079269,1.030255162,-0.651547612,1.09695887,10.17847924,0.576351705
-0.035010999,-1.715611688,3.232399321,1.498502785,-0.560706964,2.587729995,4.073776861,-5.333781844
0.824611561,1.424414222,0.003927324,1.336309284,0.198047827,1.978025074,-3.312699139,-5.025933393
2.515116648,-2.444385245,4.273148887,1.35013052,0.589822078,2.667412684,6.912464439,-5.984649112
-2.574197424,0.022334916,6.90861897,1.643641691,-0.860336185,1.204982411,20.12103667,-4.454888328
-0.174653678,-0.64064352,2.152547166,0.685908855,0.329732521,2.139385237,-0.832607131,-7.571161935
-0.331738192,2.602819222,5.522767323,0.070130329,-0.185517452,2.647677549,3.147164332,-1.298264356
-0.451798314,-2.297870196,-3.390197763,0.680434132,0.008179564,1.516565992,-6.416108792,1.961556494
-1.007126684,1.481171239,4.134729478,0.056461763,-0.526059475,2.924624286,9.32274477,-8.185952744
0.353174983,-1.26170562,1.006358742,0.95284508,0.518410812,4.160368509,3.044027633,-19.2366389
-0.745026227,-1.728144525,8.026727882,0.467264065,0.930515734,1.313534118,19.34744662,-3.018266725
-1.064256594,1.424864422,5.36285428,1.307137182,-0.822051158,2.567927631,-2.601481103,-9.241806647
0.237737368,-1.161879482,5.044140052,1.054612156,-0.213814052,1.159700072,11.53057954,-10.63373124
0.368514748,1.169987627,1.916608325,0.866498555,0.427221531,1.079101928,-1.522047316,-8.899455998
0.238071607,-1.591552063,-0.256438271,1.24122162,0.312267848,2.46609743,4.112972672,-7.233332689
0.932298008,-1.311705091,2.114921371,1.211773187,0.285720836,1.699507311,8.123707883,-2.8721528
0.980012373,2.679071258,3.365037754,0.271962083,0.1100913,1.619381225,0.801522927,-7.755862007
-0.306199581,-3.548120731,4.608687631,0.866730182,0.304483585,2.940248995,-1.561683095,-7.15383078
-1.521498234,-2.380816113,4.152962573,1.134167259,-0.544391346,2.764859977,6.102992554,-14.30125811
0.780050868,-0.197169356,2.698789684,1.949124632,0.414648587,3.001634595,1.326862983,-7.475838555
-0.14287366,0.27293936,0.856223904,0.937696403,0.998795181,2.472637915,-2.928646811,-7.886303516
0.76106403,1.032626642,0.290513652,1.863450753,0.750600024,3.62543416,7.229683686,-13.44723936
0.996067229,0.217253273,6.001960754,1.016797396,-0.665396458,2.671920271,4.373329173,-0.20340596
-0.113158194,-0.418908712,9.719991011,1.313832833,0.681725125,4.963986399,12.4976498,-8.430567774
-0.286378281,-1.00206762,2.500237896,1.588426116,-0.245829498,3.719401866,5.426358055,-8.227972829
-0.657898909,-0.138945779,9.048688425,0.677727091,0.343626372,1.98715516,25.09875801,-10.97957976
1.04343826,-3.186714821,3.169047331,0.559210209,-0.671562258,4.116780759,5.275338733,-7.991861768
-0.528075361,-0.179509243,7.185631729,0.645974344,-0.946870226,4.734222486,27.1009151,-16.6649652
0.369739155,0.007371455,5.818859007,0.890798657,-0.047894908,2.077330461,10.47193907,-8.930774803
-0.64139158,-1.560892997,2.310226263,1.6530229,-0.969713242,3.693062625,1.088805018,-8.078901279
-0.051709321,0.513591658,7.163469617,0.355881345,0.029545418,3.303542019,14.77156277,-1.839042478
1.574985617,0.435443326,5.196716883,1.297760251,0.569848162,4.630713491,18.9859077,-15.49131637
-0.208790425,2.356196092,8.129489414,1.456532694,-0.561942581,2.401636469,19.90266471,-19.55166378
0.417173851,0.501702289,2.814439894,1.944990517,-0.568956907,2.30413279,6.977853698,-3.506499873
0.261388777,4.585417628,5.084835392,1.455612742,-0.458731017,3.559801205,13.93701384,-4.153165222
-0.354982603,-1.291132321,0.879661583,0.483356282,0.107800249,3.578857848,3.085707501,-16.32903373
-0.260663455,1.17579475,3.816601874,1.769037289,-0.201221866,3.863847285,8.118703388,-17.36063728
-0.428003659,0.505215212,5.896467327,0.209723574,0.064095429,1.68131866,12.30603746,1.262082379
2.234210115,-0.539296252,6.455059646,0.824111698,-0.748129688,3.922712782,11.20560117,-11.6935541
1.864291335,-1.857843017,4.570942464,0.845302366,0.184332338,3.03372533,5.786918134,-8.900763147
0.320314939,2.00579052,7.680135367,0.996867276,0.073601101,1.821616108,14.63385732,-9.993927302
-1.603548299,-1.405192052,7.493432021,0.348312119,-0.986293918,1.901926829,19.11229222,-5.046590096
-0.221936034,-2.890265023,0.977873368,0.081787129,-0.641871682,3.68421447,-1.331337646,-4.007993037
0.098434612,-1.321068339,7.113794153,0.596276613,0.06263724,2.592602254,13.65349251,-15.69275262
-0.134961056,0.680411176,4.312544787,1.621038557,0.744095864,3.866077966,6.310448296,-16.61357422
-0.462433718,-0.83863597,4.044522383,0.795025042,0.019180454,3.172382294,16.29941724,-17.16165449
1.431949386,-1.470020834,5.480636118,1.985875803,0.365887975,4.229219975,15.55060524,-15.77101181
-0.420509423,-1.544631232,1.837086655,0.614621682,-0.520803756,2.500112952,7.156776317,-7.785698502
1.365237949,2.929182301,6.331834483,1.94661574,0.851275304,1.398375867,3.836340764,-12.98805417
-1.301891643,-3.755703801,2.562638328,0.770737149,-0.61596125,4.503198689,-0.025407846,-6.575881308
-0.029825742,0.410157099,3.620955921,1.779266273,-0.460724362,3.260359611,11.48914978,-18.06200535
0.120631967,3.954774002,5.106830385,0.128243063,0.605649193,2.86397455,7.622680894,-2.458973502
-0.291346396,0.774766704,2.679349235,1.381154882,-0.854019402,4.820257552,4.330543132,-15.35404993
-0.513780378,-0.561087745,7.384681466,1.070093406,0.495902883,4.068674521,13.45788862,-3.797244823
-0.42922693,1.931512088,4.513422608,1.059873487,0.639748769,4.21267591,12.6926773,-10.04690006
0.003406058,1.944472388,7.010258413,1.293702103,0.257555763,4.444020655,12.01375087,-9.843422187
-0.419086064,-5.24421921,6.560038072,1.251242914,0.739706917,4.655144337,21.80402251,-15.37388788
0.374991487,-0.33860033,2.818208612,1.639653723,0.254147521,1.010878751,3.653411821,-3.801136539
-1.172379598,1.254697963,11.06921276,1.660115533,-0.54261669,3.839169057,20.65561378,-0.91311727
0.292718596,0.126251507,1.153574102,1.561769015,0.241286195,2.914333361,6.715196176,-3.478549164
0.038617145,-0.099537374,10.22867595,0.651834293,-0.702928535,3.200801035,21.45057126,-3.573601468
-0.345121407,3.050308806,3.899926368,1.378956414,-0.119880528,1.862987707,10.48527227,-2.118774717
0.196600922,2.52893642,7.931558356,0.120457997,-0.832030388,1.234388853,19.6370934,4.939124947
-0.611812538,-0.742124939,6.111168331,0.537550039,0.065261348,4.373445667,9.632101435,-6.966195627
-0.121934818,-0.227669261,3.705255848,0.603503933,0.847471053,2.501325852,4.633722054,-3.648595409
1.587459337,2.346009751,1.401061253,1.090609619,-0.554017108,1.783594655,5.217365267,1.067497407
-0.317513695,-0.061336323,1.576952981,1.875866037,0.634470448,2.875370583,5.537731365,-8.587458225
0.829104465,2.552260412,3.797335365,1.68048057,-0.455185041,4.353395858,2.04951564,-15.2188562
-0.270381406,-1.339926712,7.881211003,1.836946437,-0.294976992,1.524193447,12.2296831,-9.065700174
-0.155035877,3.515779099,3.107141437,1.558767658,0.321692022,3.11926923,4.970560238,-7.388399233
-1.13504484,-2.684491847,6.163998604,0.208019964,0.677816764,3.557956317,15.07353434,-7.153033061
-0.552486199,0.34326149,2.700413132,0.191543248,0.066357616,4.571815923,3.283784079,-18.73137926
-0.835761966,0.837571861,7.364804459,1.267363084,-0.727549562,4.510212095,9.208112058,-12.4678633
-1.818934834,0.004047251,10.18799425,0.571355124,0.074509721,1.134684468,19.62211402,-13.24233044
-0.91664333,-2.922224667,2.547959083,0.76557361,0.284877794,4.64184949,3.389723159,-11.64394459
0.307911705,4.08901542,7.311619482,0.995662881,-0.058908482,1.564373654,8.896150828,-9.034889506
1.22283609,-1.232815521,2.72908609,0.106034139,-0.07485099,2.427996809,16.53454435,-16.72177147
0.086492946,3.02031367,6.868636446,0.115777881,-0.020589034,1.342374375,10.85572651,-3.679934892
0.578886556,-2.427723302,8.426519015,1.878844935,-0.039888001,3.286124817,27.72140877,-7.055522101
0.357101726,-2.380015758,6.610613936,1.746829109,-0.397626084,3.899803167,8.37716814,-15.4007744
1.629791768,1.585963219,5.261228479,0.956837459,-0.901593705,1.991822672,8.375844825,-8.115020195
-0.78101948,-2.756232789,5.86559794,1.567173104,0.914605744,2.5636417,18.93139259,-6.962374368
0.719860509,-1.743442226,5.78804419,1.478352211,-0.221258184,1.126047852,13.97184522,-11.76768648
0.925308541,0.3382047,6.90665105,0.665613182,-0.686291406,3.486241446,12.59661419,-9.350516413
-0.265604285,3.297509465,5.631783905,0.960753219,-0.499657029,3.259984654,17.05700359,-9.418986885
-0.413249381,-0.561242359,2.193883701,1.379346997,0.264312706,4.562088106,9.205667791,-19.19473266
0.094976258,-0.841719157,7.889955795,0.68498174,0.303643251,1.014791217,18.0442237,5.09751387
-0.346071829,1.404559953,5.543892611,0.488110882,-0.667872964,1.595979214,8.199252786,-2.100818493
0.196461087,-1.209452876,4.818238621,1.679601461,-0.940910147,1.622649566,1.571282862,-1.609251918
-0.38207645,3.098175512,5.059153535,1.061763051,0.123151379,1.871249527,18.80200332,-1.011091482
0.395154984,-2.126089385,6.543469352,1.051590242,-0.194769296,4.090802723,10.09477503,-12.6542311
0.398196107,-1.642915777,7.96196049,0.077196983,0.512435066,4.121367452,10.78066023,-3.110812311
0.009860059,-2.884080459,5.632636556,1.449688662,0.49615908,1.822770084,13.46878551,-7.513633096
0.284837824,0.321335847,-0.366655387,0.917335297,0.945660608,1.296796851,-0.806235196,-6.140952246
0.940779046,-1.935813998,7.283386493,1.65434354,-0.28216363,1.264674729,17.34315336,-5.407700846
0.046811692,-2.274582585,2.110930963,0.551871536,-0.32412782,1.388167942,9.284598289,-3.655880283
-0.656257271,-0.537684173,6.408388925,1.304899254,0.383729164,4.938603271,8.318314738,-16.16945625
0.584047939,-0.577222181,3.90794129,1.441754563,-0.663937263,1.105171837,13.60570311,-7.682579377
1.116729891,2.452234185,5.685101895,1.568932279,-0.793579817,4.623063814,9.489425591,-9.394193291
0.126874511,2.894876161,5.038863845,1.044809999,0.304020351,1.833517183,11.42789531,-12.21199717
1.411347057,-1.878656803,3.936542625,0.121660436,-0.329953916,1.923294791,5.5114572,-6.424538658
-1.638318281,1.290172804,5.154282134,0.746941615,0.464532799,2.815544254,9.78978849,-14.56998774
0.645331966,0.87260787,2.158072347,1.847727404,-0.597249928,2.852277997,-3.160970411,-6.664562052
-3.925524652,1.067733137,4.608128292,0.754477433,0.020464424,4.23629358,13.95443976,-9.378538516
0.606660251,-2.82552719,1.841486336,0.502221142,-0.05443276,1.386199521,12.31230388,-9.515158559
1.06175321,-0.29764351,3.505704752,0.830736547,-0.851405451,3.855350803,18.09469384,-6.660078826
1.142798283,-0.958684723,8.090935934,0.189148186,0.428584958,2.880946875,8.977787072,-11.5251885
1.192006494,-0.273191745,8.578481937,1.013559795,-0.772608195,2.074136435,16.83877715,-13.54652466
0.884624569,-0.185514182,5.095404857,0.899482241,0.774061162,2.011056711,3.647518295,-6.725557079
-0.6135474,-0.240809186,6.550549769,1.598029853,-0.354051619,1.830133465,7.372487996,3.807773215
0.870302301,-2.23508323,6.516631301,0.087733616,-0.545552735,1.053139094,20.30376325,-9.327542138
1.42398676,0.1639728,2.089737462,0.538886834,0.895182766,2.108757699,7.967884156,-7.121853589
-1.433254511,0.522859409,11.43240128,1.071022179,-0.663252317,3.890654232,27.99108986,-17.84576052
0.062764229,0.630777777,8.884420039,0.669770461,0.718304991,4.225674474,24.20258286,-6.591673954
-1.536272975,0.762220225,0.462462721,0.83213614,0.551978016,2.910888742,1.881657024,-13.59670073
2.538363333,-0.966779226,8.115656,1.712099285,-0.90548402,1.307081461,18.82047289,-2.495190797
-0.225736585,-1.177052127,2.898088395,1.252678472,-0.46991968,2.118116636,5.226298779,-9.998399593
0.496668235,2.080892045,3.756810555,1.767082278,0.059932006,1.186307132,15.5704254,-13.74221525
0.469158294,0.721774995,4.852999508,1.351839236,-0.722773725,4.263973085,19.43918394,-15.53683679
0.084783096,1.303110366,0.882437815,0.362034107,0.342003289,2.595637359,2.586587041,-9.310770451
-0.556863142,1.825605978,7.195092748,0.707232915,0.049283328,2.87710058,14.12574991,-12.77476633
-1.761318345,-0.386035026,7.582019079,0.463605671,0.304894089,1.429453349,7.277650436,-3.546053209
-1.989201337,-1.007151695,5.20070388,1.820519314,0.354960127,2.82243565,5.177327037,-11.18162568
-0.631428065,-0.263676156,6.941145911,1.468111473,-0.185138229,2.675968886,11.88062472,-4.940376782
-1.7457387,-2.931265044,3.848688847,0.549524828,0.381786857,1.0090704,4.548059021,-8.038629325
-0.057514171,0.459742751,1.251362973,1.863786149,0.691697405,1.446215369,4.18514335,-7.852922266
-1.450507625,-0.911920779,-0.00263468,0.653802466,-0.641721286,4.541707037,3.666338014,-10.80321485
0.30579713,4.387293302,6.954181243,0.458045254,0.590351025,2.470167554,10.68925146,-16.12116543
-0.339400685,0.069130692,9.714506758,0.366579666,0.029683615,2.106075656,15.49908691,-2.786840941
0.684970018,-1.58693183,6.097928362,1.10444601,0.892511073,2.813553485,9.197320903,-12.92190001
-2.00748218,0.260247361,6.435438435,0.424094223,0.433595819,1.393422416,1.334209426,-6.769428133
0.301174623,0.155398538,4.176239953,1.751600642,-0.555067798,1.250540052,12.20251877,-3.191416894
0.719807076,3.394097803,3.122925717,1.15198407,0.975520433,3.826649358,7.1615307,-16.39406163
0.105351319,-0.986046871,5.832010301,1.396265042,-0.428083992,4.49575906,12.94009283,-3.558732794
0.206314326,3.237655619,4.861570359,1.026556411,-0.807658533,2.222527665,7.406180228,-6.830314334
-1.350279035,0.336776793,2.627439825,1.333604799,-0.316972133,4.022461017,0.121168594,-14.54805259
0.851493951,-1.420276021,3.834337021,1.895861385,0.64935419,3.502315047,3.752378487,-10.69957612
1.099742803,0.868637926,3.730112338,1.742303437,-0.304121907,1.409002172,10.10805934,-7.733256384
1.407852324,0.500936039,7.7275496,0.893872942,0.623101044,3.099505137,7.367735887,-15.00670879
-0.309923962,-0.002116849,4.219817255,1.322540571,0.459251058,3.382833646,14.72583451,-15.02792864
-0.694278697,-0.484724296,2.947750217,1.939371189,0.632532413,1.285085924,5.500813839,-0.188152397
0.722284312,-1.512416929,6.350391585,1.011574772,0.972264391,4.439126391,16.37250423,-11.41542111
-0.381603513,0.399952569,6.907749265,1.537188404,0.84762554,2.397248539,12.18100013,-2.273607542
0.28223667,-0.184916189,5.652479457,1.525506435,0.042459158,4.556192647,2.974010183,-15.60250474
-1.44020305,-0.256954991,4.078877408,1.186648695,-0.388935175,1.929825845,-3.684229998,-7.884828271
1.493308446,-0.40341547,6.388037845,0.004622763,-0.833493616,4.582971472,7.108673142,-10.37266545
0.086631644,-1.961439011,5.408767846,1.69477816,-0.527210069,4.001531567,15.19943569,-14.48343388
0.357483714,0.938071025,3.288994902,0.136535959,-0.819624117,3.74104589,10.02074557,-9.232850623
-0.38879989,1.621083356,10.83213478,0.759869331,0.577472972,1.758269696,35.61009751,-3.417456061
0.858590283,-0.214372449,9.751614142,1.123844713,-0.411767066,1.238779297,20.65509196,-10.01939765
1.134317245,-1.802700353,5.230758133,0.458099727,-0.569081329,2.163648204,11.74151069,-9.153444875
-1.041346422,-0.179607014,6.937428351,1.282108342,-0.549889925,2.435357186,12.74805529,-1.682677185
1.014586815,-1.851208253,5.775264652,0.394902998,3.51234E-05,1.048220884,6.379744971,9.562615422
-0.330568355,-0.952250048,1.524334165,1.134684598,0.590319554,3.448398688,13.20026629,-14.08236664
0.659676971,1.024159246,5.941821554,0.644033047,-0.499253725,3.236750654,9.734097855,-2.632132183
0.65073209,0.900104169,4.263595782,0.263416546,-0.957362795,2.068242705,6.379021923,-4.845835028
-0.382152621,-1.287003215,-1.487898645,1.241881702,-0.39649941,2.955142821,-13.40742867,-7.697466736
-0.897057362,3.661079973,8.649633982,0.305761182,0.034416288,1.08539531,17.30477041,-1.786863134
0.447616912,0.211944098,4.907043957,0.928184055,0.434547169,4.238977084,15.69206122,-7.129564237
0.001853095,1.161536147,7.290112207,1.989416152,-0.56573279,2.487843762,10.38585085,-11.27184708
1.460061867,-1.0346821,4.31255843,0.117270595,-0.271000773,3.190106479,6.564594085,-14.65031346
0.258105501,-0.383122369,4.260226105,0.966897706,-0.709996962,2.119585969,9.650158315,3.805845829
-1.389330464,2.433730515,6.644355052,0.64974508,-0.918937871,1.88138225,15.19758601,-5.014014714
-0.438913048,0.043030468,6.013147539,0.265559414,-0.588801172,2.391470811,11.54884447,-10.05528238
-0.246285481,1.350895218,5.594734502,1.257064274,0.01869597,3.449921257,7.030543,-6.860288396
0.503039246,-0.674033345,0.818993739,1.479255913,0.223161217,4.826567611,7.246591192,-17.65106538
-0.303626848,2.10462531,3.235117573,1.854122782,0.670580755,2.121832111,5.762523213,-7.346886589
0.075242497,0.833383638,1.995557012,0.241598051,0.450746503,3.632281344,5.375382014,-5.695568887
0.073779347,0.712157089,5.017042794,0.538445743,-0.303517309,1.752544357,8.298940227,0.953783733
0.666257165,0.008592451,5.677291609,1.657603468,0.784592794,1.013005754,11.7266234,-2.477540708
-0.973329861,-1.019236606,4.919257334,1.341480881,0.651091348,3.587707228,17.99208919,-5.291828933
-0.177686843,1.793036972,0.320854396,0.269161405,0.892289489,4.595386054,6.057783846,-10.06363045
-0.401718125,2.704846338,5.47969138,1.795736644,0.709449313,4.653412577,15.78595746,-17.99871253
0.514307885,3.617951734,0.398029569,0.945781119,-0.285404571,3.905174974,11.38003088,-14.34962621
0.737907158,3.038139766,6.632779458,1.743261603,-0.794624785,4.275785368,21.63486559,-3.396941964
0.247543994,-2.710121407,3.748788812,0.997754691,0.741240762,1.124673231,10.8257939,1.034812718
-0.033664946,3.426348485,-0.486804184,1.263086628,0.033487835,4.382987225,4.552595126,-15.95383765
0.898530743,0.405570972,4.80363782,0.696953866,0.83005039,2.866292943,21.99859526,-9.213140182
1.433040779,2.851593308,9.691587492,1.703626266,0.656906992,3.7854961,11.17935087,-6.450776197
1.798634912,-0.136105882,6.163739398,0.84664613,0.63581517,4.832956361,11.85629801,-21.81661798
-0.497479959,0.296899998,6.441308086,1.581499312,0.145569316,1.497552188,13.86838337,-6.249277369
0.029233433,-1.531382168,0.849470906,0.258934735,0.583489199,3.359629515,8.148327904,-10.83637826
-0.03112973,3.988880053,3.010877107,1.916098558,0.702967173,3.293255153,8.990526819,-8.956707918
0.862200977,0.347440618,1.635124262,1.86846943,0.769281343,3.73936065,4.396163174,-13.36501241
0.249119694,-0.178131359,8.818677214,1.365711228,-0.688460644,1.434451513,20.12559551,-3.933633575
0.628147063,-2.578854037,5.898002099,1.508603875,-0.958046893,2.826582263,11.59475576,-3.434870628
1.394164428,0.473398813,10.52417077,1.105332108,0.105875427,4.368096646,23.63477963,-8.495914389
2.083233994,2.333576958,-0.639694791,1.316735759,-0.55169138,4.600323057,-4.518725493,-13.94524914
-1.086118573,-0.185161753,2.816878476,0.37790251,-0.277025688,3.629612546,1.465099356,-19.27121829
-0.381349992,0.645229647,6.503394742,1.407482555,0.029260054,4.898056857,14.9436494,-6.717333603
-0.889101557,1.005159902,1.137291873,1.559299535,-0.226276142,3.64159964,-0.096889582,-13.29809124
-0.071189561,0.865047696,-1.214613677,1.14728328,0.976878677,2.365143054,-0.389640011,-7.36471349
0.189518232,0.727168299,9.293965503,0.390084796,0.399916822,4.959306382,19.85012775,-14.08047987
0.401246325,0.909819846,7.866156592,0.155163607,-0.597975817,1.062355952,13.15203124,-5.073712298
-0.283432655,0.846475814,12.92177161,1.834737824,-0.179561727,1.016491422,34.94904038,-6.078665743
-0.776260549,1.90452738,4.61268486,0.438611315,0.106049299,2.171336905,10.42309466,-3.435916845
-0.433624336,1.150879143,2.951965724,1.740368453,0.370565332,3.659357521,4.899155809,-8.515365547
0.358834313,-2.957649485,1.675956027,0.372585093,0.091537936,4.821856433,-2.841576336,-18.77860918
0.989396085,0.807888227,9.316966624,0.037655441,0.478093168,2.941076872,19.88646093,-8.583817504
-1.131929821,-3.037639544,2.255049493,0.874998702,-0.688117773,4.678986218,7.768863977,-14.93831906
-0.580489541,-0.301333785,9.686048669,0.103186931,0.804587057,1.721360499,25.47069132,-7.950841476
-0.610943971,-2.7662918,14.04459739,0.262742221,0.694663122,4.905912999,29.55508424,-18.35977074
-0.592492597,-1.696239451,4.176608299,1.908516377,-0.796905955,3.679774528,7.88755531,-17.57645318
0.037039172,2.56893145,0.315520209,0.434751063,0.401610867,3.97048797,8.530388439,-10.06873101
0.813322458,2.37399945,-0.192564458,0.861113428,-0.126160992,1.991318167,4.882005012,-1.852181355
1.108205652,-1.240912297,5.035848871,0.733377805,-0.387790906,2.084428022,18.55737426,-2.606460424
0.743868895,0.070360784,5.944369276,1.880774033,0.398243565,2.981768935,11.30492822,-4.253394169
1.92769221,-0.833547347,7.793299245,0.169175998,-0.720405866,4.590490192,14.08436335,-18.26667088
-1.226803761,2.160177246,6.053822416,1.341004883,0.138605739,2.368656679,18.38604592,-3.093574998
1.284836344,-1.99648639,2.96338443,0.269062401,-0.453351537,4.012799963,8.787106961,-13.22895119
1.828884706,0.852201083,4.093553242,0.131772276,0.520725857,1.128976382,14.37684321,3.8212029
-0.095623136,-0.684967745,12.92657374,0.696644,-0.160517312,4.70605858,18.26800715,-14.70182123
-0.474633453,-1.314219844,7.25800477,0.495709717,0.185533932,4.726558959,10.8066695,-12.82909998
0.331303909,-2.404967745,5.465861376,1.393206446,0.268795644,1.276423648,6.892827312,1.269208561
1.444686859,2.346205292,5.280934955,1.620740427,-0.351618139,2.852254095,16.73752083,-4.547846065
0.503323463,1.81833002,4.82815325,1.784348651,0.35394167,3.834581699,6.616081717,-21.47453551
-1.537700882,-0.944960448,6.022137894,1.547772904,0.697653036,1.814609709,11.02841568,-2.972538754