"Time (s)","X (m/s^2)","Y (m/s^2)","Z (m/s^2)"
2.229583217E-3,-2.933898926E-2,1.170565796E-1,9.369765472E0
1.220258325E-2,-1.302291870E-2,1.683998108E-1,8.966204681E0
2.217558329E-2,-4.340972900E-3,1.751358032E-1,8.844058685E0
3.214858333E-2,-0.000000000E0,1.290316772E-1,9.183552704E0
4.212158313E-2,-1.586700439E-2,4.191284180E-2,9.622739410E0
5.209458317E-2,-4.041595459E-3,-2.499801636E-2,9.902507629E0
6.206758320E-2,-1.002914429E-2,-8.397537231E-2,1.008078690E1
7.204058324E-2,-1.182540894E-2,-1.047821045E-1,1.018003052E1
8.201358328E-2,-5.538482666E-3,-1.023870850E-1,1.015353561E1
9.198658331E-2,-5.688171387E-3,-7.155120850E-2,9.965975647E0
1.019595831E-1,-1.047821045E-2,-1.511856079E-2,9.730215912E0
1.119325832E-1,-1.392105103E-2,4.251159668E-2,9.522447968E0
1.219055832E-1,-1.182540894E-2,7.529342651E-2,9.419162750E0
1.318785832E-1,-6.137237549E-3,8.741821289E-2,9.405990143E0
1.418515833E-1,-1.047821045E-2,5.343887329E-2,9.520052948E0
1.518245833E-1,-1.661544800E-2,1.077758789E-2,9.697284393E0
1.617975833E-1,-1.407073975E-2,-2.484832764E-2,9.845176849E0
1.717705831E-1,-2.993774414E-4,-5.074447632E-2,9.929601288E0
1.817435832E-1,-1.496887207E-4,-4.834945679E-2,9.917925568E0
1.917165832E-1,-4.640350342E-3,-3.173400879E-2,9.859546967E0
2.016895832E-1,-8.681945801E-3,-8.681945801E-3,9.765392761E0
2.116625833E-1,-5.239105225E-3,2.305206299E-2,9.655521240E0
2.216355833E-1,-4.490661621E-3,3.577560425E-2,9.573042755E0
2.316095831E-1,-1.541793823E-2,3.293151855E-2,9.562414856E0
2.415825832E-1,-8.981323242E-3,2.320175171E-2,9.625433807E0
2.515555832E-1,-1.152603149E-2,4.939727783E-3,9.722731476E0
2.615285832E-1,-1.092727661E-2,-1.017883301E-2,9.796078949E0
2.715015833E-1,-1.377136230E-2,-2.020797729E-2,9.830507355E0
2.814745833E-1,-9.131011963E-3,-2.275268555E-2,9.830207977E0
2.914475831E-1,-7.035369873E-3,2.245330811E-3,9.786798248E0
3.014205832E-1,-6.137237549E-3,2.395019531E-3,9.720336456E0
3.113935832E-1,-1.227447510E-2,1.990859985E-2,9.666149139E0
3.213665832E-1,-2.694396973E-3,2.424957275E-2,9.643246765E0
3.313395833E-1,-1.377136230E-2,2.454895020E-2,9.662257233E0
3.413125833E-1,-9.879455566E-3,1.317260742E-2,9.698032837E0
3.512855833E-1,7.484436035E-4,-3.293151855E-3,9.748328247E0
3.612585831E-1,-7.484436035E-3,-6.735992432E-3,9.788295135E0
3.712315832E-1,-7.783813477E-3,-1.062789917E-2,9.785451050E0
3.812045832E-1,-2.694396973E-3,-1.077758789E-2,9.764943695E0
3.911775833E-1,-5.089416504E-3,-0.000000000E0,9.737101593E0
4.011505833E-1,-1.167572021E-2,1.122665405E-2,9.726174316E0
4.111235833E-1,-4.939727783E-3,1.257385254E-2,9.681417389E0
4.210965831E-1,-5.688171387E-3,7.185058594E-3,9.667795715E0
4.310695832E-1,-6.137237549E-3,9.280700684E-3,9.701325989E0
4.410425832E-1,1.496887207E-4,-3.742218018E-3,9.740544434E0
4.510155832E-1,-8.232879639E-3,-4.340972900E-3,9.754764862E0
4.609895833E-1,-2.350112915E-2,-7.334747314E-3,9.749525757E0
4.709625833E-1,-1.032852173E-2,-4.939727783E-3,9.742340698E0
4.809355831E-1,-8.382568359E-3,-2.245330811E-3,9.729467468E0
4.909080833E-1,-8.831634521E-3,-6.436614990E-3,9.724677429E0
5.008810833E-1,-1.945953369E-3,1.077758789E-2,9.701026611E0
5.108540833E-1,-1.242416382E-2,1.197509766E-2,9.707463226E0
5.208270831E-1,-5.388793945E-3,2.844085693E-3,9.715546417E0
5.308000832E-1,-9.729766846E-3,2.993774414E-4,9.708960114E0
5.407730832E-1,4.640350342E-3,-1.841171265E-2,9.734856262E0
5.507460833E-1,2.095642090E-3,-7.035369873E-3,9.748178558E0
5.607190833E-1,-4.490661621E-3,5.987548828E-4,9.743238831E0
5.706920833E-1,-1.062789917E-2,-4.490661621E-4,9.746531982E0
5.806650831E-1,-5.987548828E-3,8.083190918E-3,9.715696106E0
5.906380832E-1,-3.143463135E-3,1.496887207E-4,9.699829102E0
6.006110832E-1,-1.332229614E-2,2.095642090E-3,9.708660736E0
6.105840832E-1,-8.232879639E-3,1.047821045E-3,9.709259491E0
6.205570833E-1,-8.831634521E-3,2.395019531E-3,9.719887390E0
6.305300833E-1,-1.287322998E-2,8.382568359E-3,9.742041321E0
6.405030831E-1,2.544708252E-3,-2.395019531E-3,9.744885406E0
6.504760832E-1,-4.490661621E-4,6.137237549E-3,9.727970581E0
6.604490832E-1,-5.688171387E-3,-1.496887207E-3,9.717791748E0
6.704220832E-1,-7.484436035E-4,2.694396973E-3,9.719737701E0
6.803950833E-1,5.089416504E-3,-3.592529297E-3,9.708061981E0
6.903690833E-1,2.095642090E-3,8.382568359E-3,9.712552643E0
7.003420831E-1,-7.634124756E-3,1.047821045E-3,9.727072449E0
7.103150832E-1,-1.302291870E-2,-3.891906738E-3,9.743238831E0
7.202880832E-1,-2.844085693E-3,-8.981323242E-4,9.731712799E0
7.302610832E-1,-1.901046753E-2,-7.783813477E-3,9.727970581E0
7.402340833E-1,4.490661621E-4,-4.939727783E-3,9.730515289E0
7.502070833E-1,-3.293151855E-3,2.395019531E-3,9.735904083E0
7.601800833E-1,-5.987548828E-3,4.191284180E-3,9.733658752E0
7.701530831E-1,-5.987548828E-4,1.062789917E-2,9.717492371E0
7.801260832E-1,-1.496887207E-3,2.544708252E-3,9.712103577E0
7.900990832E-1,-4.191284180E-3,4.939727783E-3,9.726324005E0
8.000720832E-1,-7.484436035E-3,1.541793823E-2,9.746831360E0
8.100450833E-1,-2.439926147E-2,1.227447510E-2,9.721533966E0
8.200180833E-1,-4.116439819E-2,-4.640350342E-3,9.718540192E0
8.299910831E-1,-4.026626587E-2,-2.918930054E-2,9.735005951E0
8.399640832E-1,-9.131011963E-3,-4.161346436E-2,9.724378052E0
8.499370832E-1,-4.640350342E-3,-3.263214111E-2,9.700577545E0
8.599100832E-1,-2.694396973E-3,-1.856140137E-2,9.704170074E0
8.698830833E-1,9.280700684E-3,-2.245330811E-3,9.730814667E0
8.798560833E-1,2.140548706E-2,6.286926270E-3,9.748178558E0
8.898290833E-1,1.586700439E-2,2.499801636E-2,9.741741943E0
8.998020831E-1,4.939727783E-3,3.802093506E-2,9.726324005E0
9.097760832E-1,-4.490661621E-4,4.251159668E-2,9.732910309E0
9.197490832E-1,-2.335144043E-2,3.323089600E-2,9.724976807E0
9.297220833E-1,-3.143463135E-2,1.826202393E-2,9.736353149E0
9.396950833E-1,-1.047821045E-2,2.619552612E-2,9.717791748E0
9.496680833E-1,-1.152603149E-2,8.666976929E-2,9.720336456E0
9.596410831E-1,-1.336720276E-1,-7.229965210E-2,9.689051514E0
9.696140832E-1,-2.309696960E-1,-5.647755432E-1,9.429042206E0
9.795870832E-1,1.161584473E-1,-3.824546814E-1,9.562115479E0
9.895600833E-1,2.981799316E-1,-1.437011719E-2,1.005114853E1
9.995330833E-1,1.541793823E-2,3.191363525E-1,9.939929810E0
1.009506083E0,-3.393443298E-1,3.049159241E-1,9.765692139E0
1.019479083E0,-5.906716919E-1,8.472381592E-2,9.876611481E0
1.029452083E0,-3.665876770E-1,5.792953491E-2,9.682016144E0
1.039425083E0,-4.297563171E-1,9.550140381E-2,9.407936096E0
1.049398083E0,-4.516108704E-1,6.107299805E-2,9.626781006E0
1.059371083E0,-3.362008667E-1,-6.586303711E-3,9.859397278E0
1.069344083E0,-3.746708679E-1,-4.071533203E-2,9.816436615E0
1.079317083E0,-4.478686523E-1,-9.834548950E-2,9.764794006E0
1.089290083E0,-4.662803650E-1,-2.014810181E-1,9.718540192E0
1.099263083E0,-3.607498169E-1,-2.420466614E-1,9.670340424E0
1.109236083E0,-5.164260864E-1,-2.984793091E-1,9.690249023E0
1.119209083E0,-6.740483093E-1,-1.688488770E-1,9.712852020E0
1.129183083E0,-6.011499023E-1,-5.837860107E-3,9.722581787E0
1.139156083E0,-5.758525085E-1,1.130149841E-1,9.802216187E0
1.149129083E0,-5.474116516E-1,1.478924561E-1,9.827663269E0
1.159102083E0,-5.975573730E-1,1.074765015E-1,9.786199493E0
1.169075083E0,-5.616320801E-1,7.798782349E-2,9.663604431E0
1.179048083E0,-5.426216125E-1,1.148112488E-1,9.649533691E0
1.189021083E0,-4.444258118E-1,9.699829102E-2,9.813592529E0
1.198994083E0,-4.564009094E-1,4.715194702E-2,9.817035370E0
1.208967083E0,-5.459147644E-1,3.891906738E-3,9.702972565E0
1.218940083E0,-6.065386963E-1,-5.269042969E-2,9.731862488E0
1.228913083E0,-5.854325867E-1,-1.005908203E-1,9.747729492E0
1.238886083E0,-4.665797424E-1,-8.367599487E-2,9.690398712E0
1.248859083E0,-4.197271729E-1,-3.891906738E-2,9.677375793E0
1.258832083E0,-3.359014893E-1,2.409988403E-2,9.701475677E0
1.268805083E0,-3.417393494E-1,7.753875732E-2,9.737550659E0
1.278778083E0,-3.749702454E-1,8.936416626E-2,9.780062256E0
1.288751083E0,-4.019142151E-1,9.235794067E-2,9.737850037E0
1.298724083E0,-4.290078735E-1,1.047821045E-1,9.708660736E0
1.308697083E0,-4.432283020E-1,1.119671631E-1,9.745633850E0
1.318670083E0,-4.299060059E-1,1.372645569E-1,9.747280426E0
1.328643083E0,-4.234693909E-1,1.335223389E-1,9.723030853E0
1.338616083E0,-4.077520752E-1,1.155596924E-1,9.711355133E0
1.348590083E0,-3.703298950E-1,9.325607300E-2,9.723180542E0
1.358563083E0,-3.246748352E-1,7.499404907E-2,9.729168091E0
1.368536083E0,-3.233276367E-1,7.439529419E-2,9.716145172E0
1.378509083E0,-3.213816833E-1,1.052311707E-1,9.721833344E0
1.388482083E0,-3.532653809E-1,1.610650635E-1,9.770631866E0
1.398455083E0,-3.628454590E-1,1.772314453E-1,9.764644318E0
1.408428083E0,-3.201841736E-1,1.577719116E-1,9.694440308E0
1.418401083E0,-2.685415649E-1,1.492396545E-1,9.667196960E0
1.428374083E0,-2.318678284E-1,1.398092651E-1,9.735455017E0
1.438347083E0,-2.219883728E-1,1.579216003E-1,9.734407196E0
1.448320083E0,-1.932481384E-1,1.607656860E-1,9.706714783E0
1.458293083E0,-1.571731567E-1,1.782792664E-1,9.742789764E0
1.468266083E0,-1.175056458E-1,2.041754150E-1,9.769733734E0
1.478239083E0,-1.133143616E-1,2.252815247E-1,9.763147430E0
1.488212083E0,-1.281335449E-1,2.276765442E-1,9.727820892E0
1.498184958E0,-1.707948303E-1,2.186952209E-1,9.688003693E0
1.508157958E0,-2.213896179E-1,1.996847534E-1,9.721234589E0
1.518130958E0,-2.327659607E-1,1.568737793E-1,9.704319763E0
1.528103958E0,-2.125579834E-1,1.213975525E-1,9.682764587E0
1.538076958E0,-1.636097717E-1,1.119671631E-1,9.723779297E0
1.548049958E0,-1.407073975E-1,9.430389404E-2,9.760602722E0
1.558023958E0,-1.197509766E-1,1.354682922E-1,9.734706573E0
1.567996958E0,-1.055305481E-1,1.880090332E-1,9.733509064E0
1.577969958E0,-1.109193420E-1,2.216889954E-1,9.750723267E0
1.587942958E0,-1.270857239E-1,2.459385681E-1,9.739646301E0
1.597915958E0,-1.414558411E-1,2.552192688E-1,9.711355133E0
1.607888958E0,-1.058299255E-1,2.878514099E-1,9.733509064E0
1.617861958E0,-8.622070312E-2,2.927911377E-1,9.743238831E0
1.627834958E0,-1.001417542E-1,3.138972473E-1,9.751022644E0
1.637807958E0,-7.364685059E-2,2.842588806E-1,9.767488403E0
1.647780958E0,-6.242019653E-2,2.371069336E-1,9.730964355E0
1.657753958E0,-5.194198608E-2,1.763333130E-1,9.718390503E0
1.667726958E0,-4.969665527E-2,1.315763855E-1,9.719887390E0
1.677699958E0,-2.365081787E-2,1.098715210E-1,9.718540192E0
1.687672958E0,-1.631607056E-2,1.260379028E-1,9.723180542E0
1.697645958E0,-5.763015747E-2,1.508862305E-1,9.729467468E0
1.707618958E0,-8.023315430E-2,1.657054138E-1,9.701924744E0
1.717591958E0,-1.122665405E-1,1.531315613E-1,9.719138947E0
1.727564958E0,-1.410067749E-1,1.670526123E-1,9.741592255E0
1.737537958E0,-1.498384094E-1,1.916015625E-1,9.721084900E0
1.747510958E0,-1.857637024E-1,2.347119141E-1,9.756261749E0
1.757483958E0,-1.800755310E-1,2.507286072E-1,9.790241089E0
1.767456958E0,-1.851649475E-1,2.597099304E-1,9.758507080E0
1.777430958E0,-1.215472412E-1,2.577639771E-1,9.730066223E0
1.787403958E0,-7.439529419E-2,2.348616028E-1,9.718390503E0
1.797376958E0,-2.439926147E-2,2.357597351E-1,9.720785522E0
1.807349958E0,-8.831634521E-3,1.971400452E-1,9.693691864E0
1.817322958E0,-5.523513794E-2,2.014810181E-1,9.686806183E0
1.827295958E0,-7.843688965E-2,1.692979431E-1,9.746531982E0
1.837268958E0,-1.098715210E-1,1.396595764E-1,9.709109802E0
1.847241958E0,-1.029858398E-1,1.408570862E-1,9.705068207E0
1.857214958E0,-1.350192261E-1,1.366658020E-1,9.772128754E0
1.867187958E0,-1.053808594E-1,1.655557251E-1,9.728120270E0
1.877160958E0,-9.654922485E-2,2.046244812E-1,9.704619141E0
1.887133958E0,-9.310638428E-2,1.788780212E-1,9.722132721E0
1.897106958E0,-6.062393188E-2,1.835183716E-1,9.705068207E0
1.907079958E0,-7.933502197E-2,1.820214844E-1,9.728569336E0
1.917052958E0,-1.040336609E-1,1.749861145E-1,9.744286652E0
1.927025958E0,-1.514849854E-1,2.240840149E-1,9.745633850E0
1.936998958E0,-1.956431580E-1,2.450404358E-1,9.775571594E0
1.946971958E0,-2.386038208E-1,2.430944824E-1,9.751920776E0
1.956944958E0,-2.523751831E-1,2.255809021E-1,9.687704315E0
1.966917958E0,-2.222877502E-1,1.615141296E-1,9.703870697E0
1.976890958E0,-1.486408997E-1,1.487905884E-1,9.679022369E0
1.986864958E0,-1.143621826E-1,1.453477478E-1,9.703271942E0
1.996837958E0,-1.049317932E-1,1.639091492E-1,9.779164124E0
2.006810958E0,-1.233435059E-1,2.273771667E-1,9.762698364E0
2.016783958E0,-1.187031555E-1,2.799179077E-1,9.762548676E0
2.026756958E0,-1.351689148E-1,2.755769348E-1,9.768835602E0
2.036729958E0,-1.326242065E-1,2.585124207E-1,9.714049530E0
2.046702958E0,-1.089733887E-1,2.383044434E-1,9.702074432E0
2.056675958E0,-1.315763855E-1,2.359094238E-1,9.695338440E0
2.066648958E0,-1.496887207E-1,2.574645996E-1,9.724078674E0
2.076621958E0,-1.799258423E-1,2.592608643E-1,9.786648560E0
2.086594958E0,-1.613644409E-1,2.209405518E-1,9.749675446E0
2.096567958E0,-1.550775146E-1,1.945953369E-1,9.689650269E0
2.106540958E0,-1.516346741E-1,1.595681763E-1,9.728719025E0
2.116513958E0,-1.365161133E-1,1.631607056E-1,9.768536224E0
2.126486958E0,-1.071771240E-1,2.040257263E-1,9.707313538E0
2.136459958E0,-1.019380188E-1,2.432441711E-1,9.674681396E0
2.146432958E0,-8.756790161E-2,2.671943665E-1,9.697284393E0
2.156405958E0,-5.014572144E-2,2.736309814E-1,9.767189026E0
2.166378958E0,-6.691085815E-2,2.615061951E-1,9.768386536E0
2.176351958E0,-5.313949585E-2,2.709365845E-1,9.696086884E0
2.186324958E0,-5.134323120E-2,2.820135498E-1,9.702074432E0
2.196298958E0,-4.326004028E-2,2.742297363E-1,9.761351166E0
2.206271958E0,-4.909790039E-2,2.721340942E-1,9.755213928E0
2.216244958E0,-3.293151855E-2,2.860551453E-1,9.725126495E0
2.226217958E0,-2.739303589E-2,2.854563904E-1,9.726324005E0
2.236190958E0,-2.829116821E-2,2.567161560E-1,9.742939453E0
2.246163958E0,-2.544708252E-3,2.257305908E-1,9.718989258E0
2.256136958E0,2.574645996E-2,2.189945984E-1,9.696535950E0
2.266109958E0,4.775070190E-2,2.076182556E-1,9.690997467E0
2.276082958E0,5.957611084E-2,2.338137817E-1,9.739945679E0
2.286055958E0,3.951782227E-2,2.290237427E-1,9.764045563E0
2.296028958E0,6.137237549E-3,2.505789185E-1,9.715396729E0
2.306001958E0,-4.879852295E-2,2.686912537E-1,9.724527740E0
2.315974958E0,-7.544311523E-2,2.748284912E-1,9.751022644E0
2.325947958E0,-4.535568237E-2,2.874023438E-1,9.720037079E0
2.335920958E0,-3.308120728E-2,2.650987244E-1,9.714797974E0
2.345893958E0,-1.691482544E-2,2.484832764E-1,9.707463226E0
2.355866958E0,3.278182983E-2,2.609074402E-1,9.726773071E0
2.365839958E0,5.598358154E-2,2.408491516E-1,9.756710815E0
2.375812958E0,7.918533325E-2,2.564167786E-1,9.736353149E0
2.385785958E0,9.385482788E-2,2.706372070E-1,9.716594238E0
2.395758958E0,5.807922363E-2,2.571652222E-1,9.737101593E0
2.405731958E0,3.577560425E-2,2.472857666E-1,9.705517273E0
2.415705958E0,-5.688171387E-3,2.568658447E-1,9.691446533E0
2.425678958E0,-2.065704346E-2,2.537223816E-1,9.724976807E0
2.435651958E0,-3.727249146E-2,2.827619934E-1,9.738299103E0
2.445624958E0,-5.119354248E-2,2.700384521E-1,9.735305328E0
2.455597958E0,-2.589614868E-2,2.547702026E-1,9.701026611E0
2.465570958E0,1.781295776E-2,2.492317200E-1,9.728569336E0
2.475543958E0,3.652404785E-2,2.481838989E-1,9.759105835E0
2.485516958E0,6.376739502E-2,2.785707092E-1,9.713450775E0
2.495489833E0,1.332229614E-2,2.739303589E-1,9.716294861E0
2.505462833E0,1.960922241E-2,2.656974792E-1,9.725276184E0
2.515435833E0,-1.945953369E-2,2.639012146E-1,9.717192993E0
2.525408833E0,-5.538482666E-2,2.492317200E-1,9.730964355E0
2.535381833E0,-7.349716187E-2,2.538720703E-1,9.726623383E0
2.545354833E0,-6.017486572E-2,2.796185303E-1,9.729018402E0
2.555327833E0,-4.011657715E-2,2.829116821E-1,9.750872955E0
2.565300833E0,-5.882766724E-2,2.908451843E-1,9.732012177E0
2.575273833E0,1.422042847E-2,2.845582581E-1,9.713450775E0
2.585246833E0,3.727249146E-2,2.857557678E-1,9.717192993E0
2.595219833E0,6.182144165E-2,2.996768188E-1,9.727222137E0
2.605192833E0,6.810836792E-2,2.963836670E-1,9.734407196E0
2.615165833E0,5.658233643E-2,2.926414490E-1,9.729168091E0
2.625139833E0,6.511459351E-2,2.860551453E-1,9.712103577E0
2.635112833E0,3.817062378E-2,2.772235107E-1,9.719887390E0
2.645085833E0,-1.706451416E-2,2.683918762E-1,9.729766846E0
2.655058833E0,-2.215393066E-2,2.776725769E-1,9.734107819E0
2.665031833E0,-3.876937866E-2,2.874023438E-1,9.720935211E0
2.675004833E0,-6.885681152E-3,3.034190369E-1,9.736652527E0
2.684977833E0,-7.634124756E-3,3.191363525E-1,9.739945679E0
2.694950833E0,1.826202393E-2,3.505709839E-1,9.731563110E0
2.704923833E0,6.391708374E-2,3.451821899E-1,9.735155640E0
2.714896833E0,6.466552734E-2,3.388952637E-1,9.705517273E0
2.724869833E0,7.903564453E-2,3.426374817E-1,9.704469452E0
2.734842833E0,6.047424316E-2,3.430865479E-1,9.736951904E0
2.744815833E0,4.176315308E-2,3.453318787E-1,9.755812683E0
2.754788833E0,2.514770508E-2,3.456312561E-1,9.740095367E0
2.764761833E0,-9.280700684E-3,3.444337463E-1,9.703421631E0
2.774734833E0,-3.592529297E-3,3.384461975E-1,9.711953888E0
2.784707833E0,1.092727661E-2,3.288661194E-1,9.744885406E0
2.794680833E0,3.008743286E-2,3.240760803E-1,9.720935211E0
2.804653833E0,4.101470947E-2,3.225791931E-1,9.687704315E0
2.814626833E0,6.316864014E-2,3.387455750E-1,9.734407196E0
2.824599833E0,8.307723999E-2,3.709286499E-1,9.752669220E0
2.834573833E0,6.870712280E-2,3.921844482E-1,9.731563110E0
2.844546833E0,4.685256958E-2,4.029620361E-1,9.732461243E0
2.854519833E0,3.832031250E-2,4.011657715E-1,9.734856262E0
2.864492833E0,4.221221924E-2,3.968247986E-1,9.716145172E0
2.874465833E0,3.667373657E-2,4.010160828E-1,9.691596222E0
2.884438833E0,5.239105225E-2,4.041595459E-1,9.723479919E0
2.894411833E0,6.421646118E-2,3.890409851E-1,9.747579803E0
2.904384833E0,1.086740112E-1,3.838018799E-1,9.729617157E0
2.914357833E0,9.699829102E-2,3.927832031E-1,9.731263733E0
2.924330833E0,1.016386414E-1,4.038601685E-1,9.731413422E0
2.934303833E0,9.610015869E-2,4.246669006E-1,9.724078674E0
2.944276833E0,6.242019653E-2,4.044589233E-1,9.714049530E0
2.954249833E0,3.038681030E-2,4.062551880E-1,9.691895599E0
2.964222833E0,1.541793823E-2,3.965254211E-1,9.695039063E0
2.974195833E0,-2.245330811E-2,3.700305176E-1,9.715247040E0
2.984168833E0,-5.837860107E-3,3.969744873E-1,9.732760620E0
2.994141833E0,5.239105225E-3,4.442761230E-1,9.757459259E0
3.004114833E0,2.769241333E-2,5.234614563E-1,9.757309570E0
3.014087833E0,2.170486450E-2,5.533992004E-1,9.790091400E0
3.024060833E0,7.229965210E-2,5.206173706E-1,9.746531982E0
3.034034833E0,1.392105103E-1,4.864883423E-1,9.656419373E0
3.044007833E0,1.151106262E-1,4.336482239E-1,9.667196960E0
3.053980833E0,6.002517700E-2,4.005670166E-1,9.690997467E0
3.063953833E0,2.320175171E-2,4.123924255E-1,9.690249023E0
3.073926833E0,-5.388793945E-3,4.320016479E-1,9.766739960E0
3.083899833E0,-2.739303589E-2,4.706213379E-1,9.808054047E0
3.093872833E0,-6.885681152E-3,5.284011841E-1,9.780661011E0
3.103845833E0,1.377136230E-2,5.575904846E-1,9.732161865E0
3.113818833E0,7.574249268E-2,5.734574890E-1,9.687255249E0
3.123791833E0,1.279838562E-1,5.764512634E-1,9.687255249E0
3.133764833E0,1.422042847E-1,5.679190063E-1,9.699529724E0
3.143737833E0,1.169068909E-1,5.909710693E-1,9.719887390E0
3.153710833E0,6.571334839E-2,6.002517700E-1,9.760003967E0
3.163683833E0,5.194198608E-2,5.664221191E-1,9.776918793E0
3.173656833E0,5.194198608E-2,5.384303284E-1,9.730365601E0
3.183629833E0,3.038681030E-2,5.451663208E-1,9.735455017E0
3.193602833E0,7.783813477E-3,5.556445312E-1,9.768236847E0
3.203575833E0,5.987548828E-3,5.843847656E-1,9.711055756E0
3.213548833E0,6.391708374E-2,5.927673340E-1,9.695637817E0
3.223521833E0,1.279838562E-1,5.900729370E-1,9.708061981E0
3.233494833E0,1.826202393E-1,6.282435608E-1,9.731712799E0
3.243468833E0,2.101629639E-1,6.435118103E-1,9.740095367E0
3.253441833E0,1.716929626E-1,6.638694763E-1,9.714498596E0
3.263414833E0,1.255888367E-1,6.631210327E-1,9.751621399E0
3.273387833E0,8.891510010E-2,6.339317322E-1,9.766739960E0
3.283360833E0,3.547622681E-2,6.330335999E-1,9.722881165E0
3.293333833E0,5.688171387E-2,6.465055847E-1,9.703421631E0
3.303306833E0,3.607498169E-2,6.625222778E-1,9.730814667E0
3.313279833E0,7.828720093E-2,6.728507996E-1,9.744735718E0
3.323252833E0,1.309776306E-1,6.631210327E-1,9.721384277E0
3.333225833E0,1.516346741E-1,6.722520447E-1,9.704469452E0
3.343198833E0,1.769320679E-1,6.595285034E-1,9.720336456E0
3.353171833E0,1.519340515E-1,6.514453125E-1,9.717342682E0
3.363144833E0,1.372645569E-1,6.206094360E-1,9.709708557E0
3.373117833E0,9.280700684E-2,6.108796692E-1,9.699380035E0
3.383090833E0,7.469467163E-2,6.230044556E-1,9.713151398E0
3.393063833E0,7.738906860E-2,6.352789307E-1,9.758058014E0
3.403036833E0,6.541397095E-2,6.806346130E-1,9.737999725E0
3.413009833E0,8.158035278E-2,7.458988953E-1,9.737999725E0
3.422982833E0,7.349716187E-2,7.810757446E-1,9.760902100E0
3.432955833E0,7.723937988E-2,7.964936829E-1,9.751022644E0
3.442928833E0,5.164260864E-2,7.985893250E-1,9.740694122E0
3.452902833E0,4.340972900E-2,7.911048889E-1,9.731263733E0
3.462875833E0,7.888595581E-2,7.608677673E-1,9.700727234E0
3.472848833E0,1.178050232E-1,7.530839539E-1,9.719737701E0
3.482821833E0,1.384620667E-1,7.298822021E-1,9.745933228E0
3.492794625E0,1.389111328E-1,7.450007629E-1,9.730814667E0
3.502767625E0,1.321751404E-1,7.361691284E-1,9.752369843E0
3.512740625E0,1.011895752E-1,7.135661316E-1,9.730964355E0
3.522713625E0,5.254074097E-2,7.174580383E-1,9.696535950E0
3.532686625E0,5.822891235E-2,7.116201782E-1,9.712253265E0
3.542659625E0,7.963439941E-2,7.502398682E-1,9.735754395E0
3.552632625E0,9.774673462E-2,8.128097534E-1,9.737251282E0
3.562605625E0,9.071136475E-2,8.517288208E-1,9.734257507E0
3.572578625E0,1.422042847E-2,8.875044250E-1,9.759105835E0
3.582551625E0,-1.317260742E-2,8.596623230E-1,9.759405212E0
3.592524625E0,-2.095642090E-2,8.225395203E-1,9.724228363E0
3.602497625E0,6.526428223E-2,7.849676514E-1,9.688901825E0
3.612470625E0,1.296304321E-1,7.773335266E-1,9.709259491E0
3.622443625E0,1.710942078E-1,8.030799866E-1,9.724378052E0
3.632416625E0,2.483335876E-1,7.972421265E-1,9.715546417E0
3.642389625E0,2.447410583E-1,8.292755127E-1,9.751621399E0
3.652363625E0,2.372566223E-1,8.126600647E-1,9.788444824E0
3.662336625E0,1.445993042E-1,8.327183533E-1,9.699679413E0
3.672309625E0,8.547225952E-2,8.243357849E-1,9.693991241E0
3.682282625E0,6.197113037E-2,7.876620483E-1,9.723180542E0
3.692255625E0,6.601272583E-2,7.848179626E-1,9.678573303E0
3.702228625E0,7.694000244E-2,8.078700256E-1,9.676627350E0
3.712201625E0,9.774673462E-2,8.560697937E-1,9.750124512E0
3.722174625E0,1.308279419E-1,8.849597168E-1,9.803264008E0
3.732147625E0,9.864486694E-2,8.867559814E-1,9.788145447E0
3.742120625E0,1.407073975E-1,8.752299500E-1,9.728569336E0
3.752093625E0,1.219963074E-1,8.547225952E-1,9.694290619E0
3.762066625E0,9.116043091E-2,8.590635681E-1,9.720785522E0
3.772039625E0,7.409591675E-2,8.515791321E-1,9.718540192E0
3.782012625E0,7.619155884E-2,8.352630615E-1,9.690099335E0
3.791985625E0,1.002914429E-2,8.140072632E-1,9.720935211E0
3.801958625E0,-1.496887207E-3,7.921527100E-1,9.758507080E0
3.811931625E0,2.290237427E-2,7.991880798E-1,9.749376068E0
3.821904625E0,5.209167480E-2,8.301736450E-1,9.723330231E0
3.831877625E0,9.190887451E-2,8.897497559E-1,9.726473694E0
3.841850625E0,8.562194824E-2,8.975335693E-1,9.761650543E0
3.851824625E0,1.312770081E-1,9.015751648E-1,9.743538208E0
3.861797625E0,8.666976929E-2,9.078620911E-1,9.725874939E0
3.871770625E0,4.430786133E-2,8.979826355E-1,9.729018402E0
3.881743625E0,3.652404785E-2,9.029223633E-1,9.718689880E0
3.891716625E0,-1.646575928E-3,8.791218567E-1,9.733958130E0
3.901689625E0,2.544708252E-3,8.291258240E-1,9.746981049E0
3.911662625E0,1.481918335E-2,8.198451233E-1,9.721384277E0
3.921635625E0,3.008743286E-2,8.231382751E-1,9.762398987E0
3.931608625E0,1.227447510E-2,8.346643066E-1,9.741891632E0
3.941581625E0,1.990859985E-2,8.331674194E-1,9.666298828E0
3.951554625E0,4.909790039E-2,8.214916992E-1,9.688752136E0
3.961527625E0,5.478607178E-2,8.391549683E-1,9.738448792E0
3.971500625E0,6.167175293E-2,8.523275757E-1,9.735005951E0
3.981473625E0,3.532653809E-2,8.592132568E-1,9.707463226E0
3.991446625E0,-8.532257080E-3,8.425978088E-1,9.735604706E0
4.001419625E0,-2.050735474E-2,8.175997925E-1,9.745783539E0
4.011392625E0,-0.000000000E0,8.385562134E-1,9.736652527E0
4.021365625E0,-6.286926270E-3,8.774752808E-1,9.759405212E0
4.031338625E0,-1.182540894E-2,9.012757874E-1,9.734257507E0
4.041311625E0,2.978805542E-2,9.053173828E-1,9.715546417E0
4.051284625E0,6.885681152E-2,8.928932190E-1,9.757159882E0
4.061258625E0,6.631210327E-2,8.839118958E-1,9.760003967E0
4.071231625E0,3.817062378E-2,8.716374207E-1,9.679770813E0
4.081204625E0,-2.095642090E-3,8.580157471E-1,9.682016144E0
4.091177625E0,2.814147949E-2,8.619076538E-1,9.779912567E0
4.101150625E0,2.559677124E-2,8.283773804E-1,9.786947937E0
4.111123625E0,-5.328918457E-2,8.068222046E-1,9.667646027E0
4.121096625E0,-4.445755005E-2,7.978408813E-1,9.653575287E0
4.131069625E0,-4.879852295E-2,7.848179626E-1,9.776469727E0
4.141042625E0,-5.463638306E-2,7.683522034E-1,9.781708832E0
4.151015625E0,-6.376739502E-2,8.053253174E-1,9.679022369E0
4.160988625E0,-1.064286804E-1,8.409512329E-1,9.687255249E0
4.170961625E0,-2.155517578E-2,8.414002991E-1,9.772128754E0
4.180934625E0,-3.293151855E-3,8.416996765E-1,9.763746185E0
4.190907625E0,-1.092727661E-2,8.425978088E-1,9.719887390E0
4.200880625E0,2.529739380E-2,8.601113892E-1,9.725874939E0
4.210853625E0,2.365081787E-2,8.605604553E-1,9.760752411E0
4.220826625E0,1.062789917E-2,8.178991699E-1,9.754465485E0
4.230799625E0,-2.005828857E-2,7.945477295E-1,9.680519257E0
4.240772625E0,-2.439926147E-2,7.664062500E-1,9.701325989E0
4.250745625E0,-1.287322998E-2,7.732919312E-1,9.745783539E0
4.260719625E0,-5.508544922E-2,7.872129822E-1,9.726623383E0
4.270692625E0,-4.924758911E-2,7.595205688E-1,9.703870697E0
4.280665625E0,-3.218307495E-2,7.179071045E-1,9.709558868E0
4.290638625E0,-6.990463257E-2,7.063810730E-1,9.742340698E0
4.300611625E0,-2.709365845E-2,7.289840698E-1,9.732610931E0
4.310584625E0,-3.742218018E-2,7.940986633E-1,9.707014160E0
4.320557625E0,-5.658233643E-2,8.303233337E-1,9.760752411E0
4.330530625E0,-5.733078003E-2,8.467890930E-1,9.800719299E0
4.340503625E0,-3.023712158E-2,8.559201050E-1,9.777367859E0
4.350476625E0,-1.646575928E-2,8.325686646E-1,9.709409180E0
4.360449625E0,-4.939727783E-3,8.090675354E-1,9.656119995E0
4.370422625E0,3.323089600E-2,7.640112305E-1,9.728269958E0
4.380395625E0,3.577560425E-2,7.372169495E-1,9.795779572E0
4.390368625E0,3.158432007E-2,7.240443420E-1,9.711953888E0
4.400341625E0,2.619552612E-2,7.228468323E-1,9.679321747E0
4.410314625E0,2.200424194E-2,6.882687378E-1,9.759255524E0
4.420287625E0,2.365081787E-2,6.499484253E-1,9.771829376E0
4.430260625E0,-1.122665405E-2,6.447093201E-1,9.675280151E0
4.440233625E0,-3.188369751E-2,6.638694763E-1,9.655371552E0
4.450206625E0,-4.999603271E-2,6.753955078E-1,9.735305328E0
4.460180625E0,-3.083587646E-2,6.688092041E-1,9.762249298E0
4.470153625E0,-4.819976807E-2,6.752458191E-1,9.722881165E0
4.480126625E0,-4.535568237E-2,6.942562866E-1,9.716444550E0
4.490099625E0,-3.472778320E-2,7.113208008E-1,9.773026886E0
4.500073125E0,-5.837860107E-2,7.170089722E-1,9.798024902E0
4.510046125E0,-2.125579834E-2,6.954537964E-1,9.716444550E0
4.520019125E0,-1.496887207E-4,6.620732117E-1,9.641749878E0
4.529992125E0,3.053649902E-2,6.384223938E-1,9.688602448E0
4.539965125E0,2.829116821E-2,6.523434448E-1,9.783056030E0
4.549938125E0,1.257385254E-2,6.596781921E-1,9.796228638E0
4.559911125E0,2.844085693E-3,6.360273743E-1,9.701775055E0
4.569884125E0,-4.385879517E-2,6.129753113E-1,9.680818634E0
4.579857125E0,-2.035766602E-2,5.763015747E-1,9.764344940E0
4.589830125E0,-2.724334717E-2,5.662724304E-1,9.751471710E0
4.599803125E0,-5.673202515E-2,5.769003296E-1,9.676178284E0
4.609776125E0,-7.229965210E-2,5.897735596E-1,9.711504822E0
4.619749125E0,-8.592132568E-2,6.044430542E-1,9.762848053E0
4.629722125E0,-6.960525513E-2,6.194119263E-1,9.767039337E0
4.639695125E0,-7.289840698E-2,6.206094360E-1,9.733808441E0
4.649668125E0,-4.505630493E-2,6.176156616E-1,9.718091125E0
4.659642125E0,-6.137237549E-3,6.047424316E-1,9.711055756E0
4.669615125E0,1.302291870E-2,5.968089294E-1,9.723779297E0
4.679588125E0,-1.347198486E-3,5.924679565E-1,9.727371826E0
4.689561125E0,3.742218018E-3,5.748046875E-1,9.744436340E0
4.699534125E0,-4.101470947E-2,5.629792786E-1,9.733958130E0
4.709507125E0,-5.688171387E-2,5.343887329E-1,9.708061981E0
4.719480125E0,-7.214996338E-2,5.047503662E-1,9.710756378E0
4.729453125E0,-8.906478882E-2,4.920268250E-1,9.741741943E0
4.739426125E0,-9.340576172E-2,4.998106384E-1,9.745633850E0
4.749399125E0,-8.951385498E-2,5.267546082E-1,9.728868713E0
4.759372125E0,-7.005432129E-2,5.490582275E-1,9.731862488E0
4.769345125E0,-5.119354248E-2,5.662724304E-1,9.748777313E0
4.779318125E0,-4.221221924E-2,5.691165161E-1,9.733958130E0
4.789291125E0,-3.891906738E-2,5.529501343E-1,9.705217896E0
4.799264125E0,-3.772155762E-2,5.424719238E-1,9.693841553E0
4.809237125E0,-3.308120728E-2,5.134323120E-1,9.735604706E0
4.819210125E0,-7.574249268E-2,5.054988098E-1,9.775421906E0
4.829183125E0,-9.759704590E-2,5.066963196E-1,9.739795990E0
4.839156125E0,-1.095721436E-1,5.334906006E-1,9.705966339E0
4.849130125E0,-1.181044006E-1,5.203179932E-1,9.741592255E0
4.859103125E0,-9.610015869E-2,4.897814941E-1,9.750573578E0
4.869076125E0,-7.529342651E-2,4.936734009E-1,9.707163849E0
4.879049125E0,-2.559677124E-2,4.846920776E-1,9.689949646E0
4.889022125E0,4.790039062E-3,4.855902100E-1,9.709259491E0
4.898995125E0,-9.729766846E-3,4.972659302E-1,9.725425873E0
4.908968125E0,-2.454895020E-2,4.954696655E-1,9.766889648E0
4.918941125E0,-5.448669434E-2,5.096900940E-1,9.783954163E0
4.928914125E0,-1.016386414E-1,5.289999390E-1,9.737550659E0
4.938887125E0,-1.438508606E-1,5.179229736E-1,9.709109802E0
4.948860125E0,-1.249900818E-1,5.031037903E-1,9.708361359E0
4.958833125E0,-7.559280396E-2,4.914280701E-1,9.717043304E0
4.968806125E0,-6.421646118E-2,4.848417664E-1,9.730664978E0
4.978779125E0,-2.679428101E-2,4.787045288E-1,9.718989258E0
4.988752125E0,-4.939727783E-3,4.731660461E-1,9.715247040E0
4.998725125E0,-2.589614868E-2,4.834945679E-1,9.755363617E0
5.008698125E0,-8.831634521E-3,4.766088867E-1,9.761800232E0
5.018671125E0,-4.490661621E-2,4.716691589E-1,9.702373810E0
5.028644125E0,-3.712280273E-2,4.608915710E-1,9.698930969E0
5.038617125E0,-4.101470947E-2,4.541555786E-1,9.714049530E0
5.048590125E0,-4.490661621E-2,4.565505981E-1,9.717791748E0
5.058564125E0,-2.844085693E-3,4.812492371E-1,9.720486145E0
5.068537125E0,-2.649490356E-2,5.010081482E-1,9.755513306E0
5.078510125E0,4.191284180E-3,4.870870972E-1,9.745184784E0
5.088483125E0,4.640350342E-3,4.939727783E-1,9.734107819E0
5.098456125E0,3.442840576E-3,4.858895874E-1,9.747280426E0
5.108429125E0,1.691482544E-2,4.698728943E-1,9.730964355E0
5.118402125E0,-1.272354126E-2,4.516108704E-1,9.699230347E0
5.128375125E0,-1.541793823E-2,4.457730103E-1,9.706116028E0
5.138348125E0,-1.796264648E-3,4.418811035E-1,9.744136963E0
5.148321125E0,-2.514770508E-2,4.459226990E-1,9.742939453E0
5.158294125E0,-2.484832764E-2,4.414320374E-1,9.709558868E0
5.168267125E0,-4.490661621E-2,4.312532043E-1,9.722132721E0
5.178240125E0,-2.230361938E-2,4.216731262E-1,9.748777313E0
5.188213125E0,-6.137237549E-3,4.366419983E-1,9.720635834E0
5.198186125E0,4.700225830E-2,4.583468628E-1,9.703421631E0
5.208159125E0,1.916015625E-2,4.796026611E-1,9.737400970E0
5.218132125E0,5.583389282E-2,4.966671753E-1,9.767488403E0
5.228105125E0,3.323089600E-2,4.873864746E-1,9.737700348E0
5.238078125E0,6.735992432E-3,4.806504822E-1,9.719887390E0
5.248051125E0,1.871109009E-2,4.716691589E-1,9.729766846E0
5.258025125E0,-3.592529297E-3,4.707710266E-1,9.760752411E0
5.267998125E0,3.128494263E-2,4.572990417E-1,9.754764862E0
5.277971125E0,3.742218018E-2,4.481680298E-1,9.691895599E0
5.287944125E0,6.391708374E-2,4.456233215E-1,9.709409180E0
5.297917125E0,8.382568359E-2,4.067042542E-1,9.768835602E0
5.307890125E0,7.289840698E-2,3.854484558E-1,9.708511047E0
5.317863125E0,8.876541138E-2,3.965254211E-1,9.655371552E0
5.327836125E0,5.209167480E-2,4.074526978E-1,9.726773071E0
5.337809125E0,5.224136353E-2,4.303550720E-1,9.759704590E0
5.347782125E0,9.131011963E-3,4.385879517E-1,9.761201477E0
5.357755125E0,7.484436035E-4,4.513114929E-1,9.707463226E0
5.367728125E0,1.856140137E-2,4.707710266E-1,9.699230347E0
5.377701125E0,-4.490661621E-3,4.725672913E-1,9.753417664E0
5.387674125E0,1.287322998E-2,4.827461243E-1,9.760003967E0
5.397647125E0,3.861968994E-2,4.749623108E-1,9.706265717E0
5.407620125E0,2.679428101E-2,4.529580688E-1,9.721384277E0
5.417593125E0,1.107696533E-1,4.544549561E-1,9.716893616E0
5.427566125E0,9.011260986E-2,4.511618042E-1,9.761949921E0
5.437539125E0,1.230441284E-1,4.501139832E-1,9.746382294E0
5.447513125E0,1.598675537E-1,4.481680298E-1,9.676477661E0
5.457486125E0,1.085243225E-1,4.165837097E-1,9.698930969E0
5.467459125E0,1.203497314E-1,4.105961609E-1,9.735904083E0
5.477432125E0,1.092727661E-1,4.108955383E-1,9.712552643E0
5.487405125E0,6.661148071E-2,4.198768616E-1,9.707463226E0
5.497377875E0,8.487350464E-2,4.311035156E-1,9.721234589E0
5.507350875E0,3.876937866E-2,4.466711426E-1,9.735455017E0
5.517323875E0,7.259902954E-2,4.430786133E-1,9.740245056E0
5.527296875E0,5.523513794E-2,4.487667847E-1,9.723479919E0
5.537269875E0,6.391708374E-2,4.457730103E-1,9.727371826E0
5.547242875E0,8.771759033E-2,4.616400146E-1,9.741143188E0
5.557215875E0,8.412506104E-2,4.749623108E-1,9.726324005E0
5.567188875E0,1.309776306E-1,4.614903259E-1,9.703271942E0
5.577161875E0,1.131646729E-1,4.520599365E-1,9.720635834E0
5.587134875E0,1.332229614E-1,4.574487305E-1,9.766141205E0
5.597107875E0,1.478924561E-1,4.529580688E-1,9.732161865E0
5.607080875E0,1.317260742E-1,4.505630493E-1,9.685908051E0
5.617053875E0,1.460961914E-1,4.456233215E-1,9.721683655E0
5.627026875E0,1.260379028E-1,4.381388855E-1,9.744436340E0
5.636999875E0,1.246907043E-1,4.270619202E-1,9.725874939E0
5.646973875E0,1.357676697E-1,4.484674072E-1,9.714049530E0
5.656946875E0,1.456471252E-1,4.775070190E-1,9.741592255E0
5.666919875E0,1.595681763E-1,4.601431274E-1,9.754016418E0
5.676892875E0,1.448986816E-1,4.662803650E-1,9.707612915E0
5.686865875E0,1.591191101E-1,4.571493530E-1,9.683213654E0
5.696838875E0,1.516346741E-1,4.626878357E-1,9.742191010E0
5.706811875E0,1.417552185E-1,4.703219604E-1,9.758207703E0
5.716784875E0,1.576222229E-1,4.637356567E-1,9.720635834E0
5.726757875E0,1.580712891E-1,4.602928162E-1,9.696985016E0
5.736730875E0,1.935475159E-1,4.581971741E-1,9.720336456E0
5.746703875E0,1.785786438E-1,4.499642944E-1,9.748477936E0
5.756676875E0,1.890568542E-1,4.459226990E-1,9.715546417E0
5.766649875E0,1.676513672E-1,4.561015320E-1,9.680369568E0
5.776622875E0,1.434017944E-1,4.543052673E-1,9.714947662E0
5.786595875E0,1.519340515E-1,4.432283020E-1,9.758058014E0
5.796568875E0,1.243913269E-1,4.574487305E-1,9.717642059E0
5.806541875E0,1.106199646E-1,4.782554626E-1,9.712103577E0
5.816514875E0,1.252894592E-1,5.014572144E-1,9.751771088E0
5.826487875E0,1.610650635E-1,5.120851135E-1,9.726773071E0
5.836460875E0,1.999841309E-1,5.068460083E-1,9.715546417E0
5.846434875E0,2.128573608E-1,4.918771362E-1,9.716743927E0
5.856407875E0,2.311193848E-1,4.911286926E-1,9.732461243E0
5.866380875E0,2.321672058E-1,4.932243347E-1,9.737850037E0
5.876353875E0,2.160008240E-1,5.007087708E-1,9.727371826E0
5.886326875E0,1.993853760E-1,4.909790039E-1,9.738748169E0
5.896299875E0,1.691482544E-1,4.900808716E-1,9.755513306E0
5.906272875E0,1.501377869E-1,4.736151123E-1,9.722581787E0
5.916245875E0,1.622625732E-1,4.757107544E-1,9.698032837E0
5.926218875E0,1.609153748E-1,4.858895874E-1,9.729916534E0
5.936191875E0,1.910028076E-1,4.760101318E-1,9.742640076E0
5.946164875E0,2.168989563E-1,4.694238281E-1,9.698182526E0
5.956137875E0,2.249821472E-1,4.755610657E-1,9.690548401E0
5.966110875E0,2.395019531E-1,4.996609497E-1,9.732610931E0
5.976083875E0,2.315684509E-1,5.063969421E-1,9.754315796E0
5.986056875E0,2.170486450E-1,5.038522339E-1,9.727970581E0
5.996029875E0,1.981878662E-1,5.001100159E-1,9.717192993E0
6.006002875E0,1.866618347E-1,5.029541016E-1,9.710007935E0
6.015975875E0,1.770817566E-1,5.147795105E-1,9.726922760E0
6.025948875E0,1.788780212E-1,5.164260864E-1,9.726623383E0
6.035922875E0,1.613644409E-1,4.902305603E-1,9.712402954E0
6.045895875E0,1.920506287E-1,4.948709106E-1,9.716743927E0
6.055868875E0,2.005828857E-1,4.951702881E-1,9.758806458E0
6.065841875E0,2.004331970E-1,5.173242188E-1,9.758656769E0
6.075814875E0,1.860630798E-1,5.351371765E-1,9.708511047E0
6.085787875E0,1.666035461E-1,5.013075256E-1,9.704619141E0
6.095760875E0,1.595681763E-1,4.846920776E-1,9.691596222E0
6.105733875E0,1.781295776E-1,4.770579529E-1,9.711205444E0
6.115706875E0,2.179467773E-1,5.206173706E-1,9.744286652E0
6.125679875E0,2.188449097E-1,5.658233643E-1,9.759704590E0
6.135652875E0,1.968406677E-1,5.734574890E-1,9.749525757E0
6.145625875E0,1.697470093E-1,5.748046875E-1,9.730964355E0
6.155598875E0,1.902543640E-1,5.707630920E-1,9.740394745E0
6.165571875E0,1.742376709E-1,5.662724304E-1,9.738149414E0
6.175544875E0,1.691482544E-1,5.574407959E-1,9.713750153E0
6.185517875E0,1.990859985E-1,5.650749207E-1,9.710157623E0
6.195490875E0,2.315684509E-1,5.698649597E-1,9.745035095E0
6.205463875E0,2.360591125E-1,5.644761658E-1,9.740993500E0
6.215436875E0,2.384541321E-1,5.565426636E-1,9.711355133E0
6.225410875E0,2.800675964E-1,5.200186157E-1,9.687105560E0
6.235383875E0,2.767744446E-1,5.072950745E-1,9.691296844E0
6.245356875E0,2.215393066E-1,4.766088867E-1,9.714648285E0
6.255329875E0,2.136058044E-1,4.658312988E-1,9.698032837E0
6.265302875E0,2.052232361E-1,4.954696655E-1,9.714049530E0
6.275275875E0,2.303709412E-1,5.129832458E-1,9.748328247E0
6.285248875E0,2.237846375E-1,5.526507568E-1,9.716294861E0
6.295221875E0,2.278262329E-1,5.791456604E-1,9.737850037E0
6.305194875E0,2.291734314E-1,6.093827820E-1,9.745184784E0
6.315167875E0,2.053729248E-1,6.569837952E-1,9.742041321E0
6.325140875E0,1.974394226E-1,6.411167908E-1,9.766440582E0
6.335113875E0,1.778302002E-1,6.140231323E-1,9.720486145E0
6.345086875E0,2.049238586E-1,5.878276062E-1,9.698032837E0
6.355059875E0,1.716929626E-1,5.333409119E-1,9.732012177E0
6.365032875E0,1.781295776E-1,4.971162415E-1,9.690099335E0
6.375005875E0,1.905537415E-1,4.791535950E-1,9.703721008E0
6.384978875E0,2.104623413E-1,4.625381470E-1,9.748777313E0
6.394951875E0,2.377056885E-1,5.043013000E-1,9.721533966E0
6.404924875E0,2.318678284E-1,5.514532471E-1,9.748927002E0
6.414898875E0,2.139051819E-1,5.863307190E-1,9.761949921E0
6.424871875E0,1.824705505E-1,6.201603699E-1,9.696386261E0
6.434844875E0,1.185534668E-1,6.315367126E-1,9.706265717E0
6.444817875E0,1.092727661E-1,6.236032104E-1,9.726922760E0
6.454790875E0,8.786727905E-2,6.206094360E-1,9.728269958E0
6.464763875E0,1.184037781E-1,6.014492798E-1,9.739197235E0
6.474736875E0,1.062789917E-1,5.995033264E-1,9.737400970E0
6.484709875E0,1.210981750E-1,6.027964783E-1,9.752818909E0
6.494683708E0,1.845661926E-1,5.830375671E-1,9.758357391E0
6.504656708E0,2.308200073E-1,5.698649597E-1,9.716893616E0
6.514629708E0,2.820135498E-1,5.625302124E-1,9.677675171E0
6.524602708E0,2.709365845E-1,5.718109131E-1,9.705666962E0
6.534575708E0,2.405497742E-1,5.774990845E-1,9.715696106E0
6.544548708E0,2.107617188E-1,5.867797852E-1,9.711953888E0
6.554521708E0,1.507365417E-1,5.670208740E-1,9.734257507E0
6.564494708E0,1.309776306E-1,5.800437927E-1,9.739646301E0
6.574467708E0,1.092727661E-1,5.792953491E-1,9.729018402E0
6.584440708E0,1.276844788E-1,5.701643372E-1,9.748477936E0
6.594413708E0,2.016307068E-1,5.638774109E-1,9.702673187E0
6.604386708E0,2.170486450E-1,5.716612244E-1,9.696835327E0
6.614360708E0,2.113604736E-1,5.831872559E-1,9.759405212E0
6.624333708E0,2.243833923E-1,5.974076843E-1,9.741741943E0
6.634306708E0,1.832189941E-1,6.194119263E-1,9.701026611E0
6.644279708E0,1.501377869E-1,5.978567505E-1,9.755213928E0
6.654252708E0,9.729766846E-2,5.722599792E-1,9.733658752E0
6.664225708E0,9.580078125E-2,5.486091614E-1,9.685758362E0
6.674198708E0,9.624984741E-2,5.456153870E-1,9.713301086E0
6.684171708E0,1.218466187E-1,5.528004456E-1,9.724228363E0
6.694144708E0,1.369651794E-1,5.736071777E-1,9.742340698E0
6.704117708E0,1.460961914E-1,5.975573730E-1,9.754914551E0
6.714090708E0,1.471440125E-1,6.245013428E-1,9.745933228E0
6.724063708E0,1.338217163E-1,6.102809143E-1,9.726623383E0
6.734036708E0,1.541793823E-1,5.933660889E-1,9.719438324E0
6.744009708E0,1.178050232E-1,5.758525085E-1,9.716893616E0
6.753982708E0,1.146615601E-1,5.927673340E-1,9.718839569E0
6.763955708E0,8.652008057E-2,6.084846497E-1,9.738897858E0
6.773928708E0,4.610412598E-2,6.035449219E-1,9.763895874E0
6.783901708E0,7.993377686E-2,5.999523926E-1,9.759704590E0
6.793875708E0,-1.047821045E-3,5.706134033E-1,9.716145172E0
6.803848708E0,1.422042847E-2,5.575904846E-1,9.686207428E0
6.813821708E0,2.215393066E-2,5.381309509E-1,9.699380035E0
6.823794708E0,1.466949463E-2,5.313949585E-1,9.740095367E0
6.833767708E0,1.990859985E-2,5.610333252E-1,9.742789764E0
6.843740708E0,-3.278182983E-2,5.459147644E-1,9.700876923E0
6.853713708E0,-9.430389404E-3,5.881269836E-1,9.740993500E0
6.863686708E0,5.763015747E-2,6.236032104E-1,9.786199493E0
6.873659708E0,1.017883301E-2,6.557862854E-1,9.753717041E0
6.883632708E0,-2.020797729E-2,6.550378418E-1,9.714049530E0
6.893605708E0,-4.236190796E-2,6.391708374E-1,9.720486145E0
6.903578708E0,-9.954299927E-2,6.195616150E-1,9.731114044E0
6.913551708E0,-1.014889526E-1,5.983058167E-1,9.715396729E0
6.923524708E0,-9.684860229E-2,6.042933655E-1,9.731114044E0
6.933497708E0,-5.104385376E-2,6.161187744E-1,9.746981049E0
6.943470708E0,-5.059478760E-2,6.098318481E-1,9.747280426E0
6.953443708E0,-9.580078125E-3,5.950126648E-1,9.738748169E0
6.963416708E0,2.544708252E-3,5.806425476E-1,9.727820892E0
6.973389708E0,-3.053649902E-2,5.656736755E-1,9.695488129E0
6.983362708E0,-2.439926147E-2,6.057902527E-1,9.678573303E0
6.993336708E0,-2.649490356E-2,6.375242615E-1,9.738897858E0
7.003309708E0,-5.269042969E-2,6.605763245E-1,9.775421906E0
7.013282708E0,-1.326242065E-1,6.765930176E-1,9.765692139E0
7.023255708E0,-1.004411316E-1,6.581813049E-1,9.737400970E0
7.033228708E0,-1.025367737E-1,6.363267517E-1,9.676327972E0
7.043201708E0,-1.272354126E-1,6.265969849E-1,9.710606689E0
7.053174708E0,-1.178050232E-1,6.230044556E-1,9.749076691E0
7.063147708E0,-1.176553345E-1,6.342311096E-1,9.743388519E0
7.073120708E0,-1.080752563E-1,6.424639893E-1,9.751322021E0
7.083093708E0,-1.058299255E-1,6.491999817E-1,9.721384277E0
7.093066708E0,-7.963439941E-2,6.472540283E-1,9.701625366E0
7.103039708E0,-5.852828979E-2,6.346801758E-1,9.710157623E0
7.113012708E0,-7.559280396E-2,6.373745728E-1,9.734257507E0
7.122985708E0,-6.706054688E-2,6.408174133E-1,9.742789764E0
7.132958708E0,-7.244934082E-2,6.282435608E-1,9.704319763E0
7.142931708E0,-9.684860229E-2,6.324348450E-1,9.692344666E0
7.152904708E0,-1.122665405E-1,6.336323547E-1,9.739047546E0
7.162877708E0,-1.281335449E-1,6.530918884E-1,9.768236847E0
7.172851708E0,-1.353186035E-1,6.929090881E-1,9.747729492E0
7.182824708E0,-1.324745178E-1,7.125183105E-1,9.746531982E0
7.192797708E0,-1.196012878E-1,7.159611511E-1,9.735005951E0
7.202770708E0,-1.182540894E-1,7.095245361E-1,9.723180542E0
7.212743708E0,-1.225950623E-1,7.038363647E-1,9.690847778E0
7.222716708E0,-1.199006653E-1,7.032376099E-1,9.721683655E0
7.232689708E0,-8.068222046E-2,6.979985046E-1,9.770781555E0
7.242662708E0,-8.607101440E-2,7.057823181E-1,9.793384552E0
7.252635708E0,-6.406677246E-2,6.979985046E-1,9.724976807E0
7.262608708E0,-5.852828979E-2,6.756948853E-1,9.689799957E0
7.272581708E0,-5.523513794E-2,6.465055847E-1,9.721683655E0
7.282554708E0,-6.646179199E-2,6.490502930E-1,9.757459259E0
7.292527708E0,-9.131011963E-2,6.756948853E-1,9.745484161E0
7.302500708E0,-1.378633118E-1,7.029382324E-1,9.728719025E0
7.312473708E0,-1.413061523E-1,6.981481934E-1,9.733958130E0
7.322446708E0,-1.348695374E-1,6.731501770E-1,9.744735718E0
7.332419708E0,-1.082249451E-1,6.355783081E-1,9.717192993E0
7.342392708E0,-9.849517822E-2,6.420149231E-1,9.659263458E0
7.352365708E0,-7.469467163E-2,6.420149231E-1,9.696236572E0
7.362338708E0,-4.685256958E-2,6.273454285E-1,9.789941711E0
7.372312708E0,-5.583389282E-2,6.349795532E-1,9.756860504E0
7.382285708E0,-7.349716187E-2,6.426136780E-1,9.690249023E0
7.392258708E0,-7.619155884E-2,6.566844177E-1,9.689500580E0
7.402231708E0,-8.113128662E-2,6.554869080E-1,9.726324005E0
7.412204708E0,-9.774673462E-2,6.472540283E-1,9.762398987E0
7.422177708E0,-1.290316772E-1,6.644682312E-1,9.749825134E0
7.432150708E0,-1.203497314E-1,7.185058594E-1,9.719588013E0
7.442123708E0,-1.071771240E-1,7.535330200E-1,9.747579803E0
7.452096708E0,-9.340576172E-2,7.333250427E-1,9.783654785E0
7.462069708E0,-8.831634521E-2,6.890171814E-1,9.750872955E0
7.472042708E0,-6.870712280E-2,6.542893982E-1,9.689500580E0
7.482015708E0,-4.535568237E-2,6.358776855E-1,9.692344666E0
7.491988708E0,-3.233276367E-2,6.179150391E-1,9.734856262E0
7.501961625E0,-4.954696655E-2,5.858816528E-1,9.727521515E0
7.511934625E0,-8.307723999E-2,5.839356995E-1,9.714199219E0
7.521907625E0,-1.088237000E-1,5.751040649E-1,9.729317780E0
7.531880625E0,-1.390608215E-1,5.978567505E-1,9.744436340E0
7.541853625E0,-1.661544800E-1,5.983058167E-1,9.717492371E0
7.551827625E0,-1.487905884E-1,6.051914978E-1,9.687105560E0
7.561800625E0,-1.219963074E-1,6.225553894E-1,9.716294861E0
7.571773625E0,-1.080752563E-1,6.649172974E-1,9.759554901E0
7.581746625E0,-7.244934082E-2,7.074288940E-1,9.760453033E0
7.591719625E0,-6.122268677E-2,7.171586609E-1,9.758207703E0
7.601692625E0,-5.748046875E-2,6.914122009E-1,9.746232605E0
7.611665625E0,-7.304809570E-2,6.557862854E-1,9.713450775E0
7.621638625E0,-7.424560547E-2,6.162684631E-1,9.707163849E0
7.631611625E0,-8.352630615E-2,5.816903687E-1,9.731712799E0
7.641584625E0,-7.574249268E-2,5.731581116E-1,9.729168091E0
7.651557625E0,-6.855743408E-2,5.577401733E-1,9.713899841E0
7.661530625E0,-8.397537231E-2,5.454656982E-1,9.727072449E0
7.671503625E0,-9.744735718E-2,5.289999390E-1,9.730964355E0
7.681476625E0,-8.382568359E-2,5.216651917E-1,9.705068207E0
7.691449625E0,-9.101074219E-2,5.303471375E-1,9.696535950E0
7.701422625E0,-8.681945801E-2,5.420228577E-1,9.746382294E0
7.711395625E0,-8.532257080E-2,5.807922363E-1,9.751621399E0
7.721368625E0,-8.113128662E-2,6.233038330E-1,9.718091125E0
7.731341625E0,-1.008901978E-1,6.575825500E-1,9.751621399E0
7.741315625E0,-1.234931946E-1,6.405180359E-1,9.750274200E0
7.751288625E0,-1.098715210E-1,6.050418091E-1,9.716893616E0
7.761261625E0,-1.088237000E-1,5.671705627E-1,9.697134705E0
7.771234625E0,-8.307723999E-2,5.533992004E-1,9.725874939E0
7.781207625E0,-1.841171265E-2,5.522016907E-1,9.740245056E0
7.791180625E0,-3.233276367E-2,5.406756592E-1,9.748777313E0
7.801153625E0,-3.667373657E-2,5.751040649E-1,9.742340698E0
7.811126625E0,-6.212081909E-2,5.757028198E-1,9.748328247E0
7.821099625E0,-8.143066406E-2,5.495072937E-1,9.718240814E0
7.831072625E0,-9.834548950E-2,5.185217285E-1,9.685908051E0
7.841045625E0,-1.004411316E-1,5.174739075E-1,9.702074432E0
7.851018625E0,-9.550140381E-2,5.342390442E-1,9.741143188E0
7.860991625E0,-9.295669556E-2,5.584886169E-1,9.744735718E0
7.870964625E0,-1.086740112E-1,5.640270996E-1,9.738897858E0
7.880937625E0,-7.828720093E-2,5.424719238E-1,9.748627625E0
7.890910625E0,-3.263214111E-2,5.231620789E-1,9.743687897E0
7.900883625E0,5.987548828E-4,5.276527405E-1,9.697733459E0
7.910856625E0,7.334747314E-3,5.289999390E-1,9.707014160E0
7.920829625E0,3.008743286E-2,5.146298218E-1,9.744286652E0
7.930803625E0,-3.712280273E-2,5.415737915E-1,9.730515289E0
7.940776625E0,-6.556365967E-2,5.520520020E-1,9.764943695E0
7.950749625E0,-9.460327148E-2,5.547463989E-1,9.743837585E0
7.960722625E0,-8.711883545E-2,5.337899780E-1,9.685908051E0
7.970695625E0,-5.493576050E-2,4.938230896E-1,9.707463226E0
7.980668625E0,1.167572021E-2,4.701722717E-1,9.739646301E0
7.990641625E0,4.445755005E-2,4.596940613E-1,9.721084900E0
8.000614625E0,2.664459229E-2,4.722679138E-1,9.711953888E0
8.010587625E0,3.353027344E-2,4.855902100E-1,9.744586029E0
8.020560625E0,-2.993774414E-4,4.938230896E-1,9.746531982E0
8.030533625E0,6.586303711E-3,5.165757751E-1,9.728868713E0
8.040506625E0,6.885681152E-3,5.261558533E-1,9.727521515E0
8.050479625E0,2.724334717E-2,5.396278381E-1,9.728419647E0
8.060452625E0,3.083587646E-2,5.301974487E-1,9.732610931E0
8.070425625E0,5.164260864E-2,5.010081482E-1,9.711654510E0
8.080398625E0,2.754272461E-2,4.806504822E-1,9.686656494E0
8.090371625E0,9.131011963E-3,4.857398987E-1,9.746981049E0
8.100344625E0,4.969665527E-2,4.647834778E-1,9.771080933E0
8.110318625E0,4.430786133E-2,4.517605591E-1,9.731712799E0
8.120291625E0,3.951782227E-2,4.629872131E-1,9.728868713E0
8.130264625E0,6.975494385E-2,4.564009094E-1,9.745334473E0
8.140237625E0,8.846603394E-2,4.616400146E-1,9.715845795E0
8.150210625E0,3.233276367E-2,4.608915710E-1,9.708061981E0
8.160183625E0,2.559677124E-2,4.415817261E-1,9.720635834E0
8.170156625E0,1.706451416E-2,4.355941772E-1,9.725276184E0
8.180129625E0,-1.437011719E-2,4.415817261E-1,9.743089142E0
8.190102625E0,1.002914429E-2,4.523593140E-1,9.723928986E0
8.200075625E0,-1.721420288E-2,4.534071350E-1,9.730964355E0
8.210048625E0,2.918930054E-2,4.451742554E-1,9.762398987E0
8.220021625E0,4.595443726E-2,4.191284180E-1,9.728569336E0
8.229994625E0,4.879852295E-2,4.061054993E-1,9.677824860E0
8.239967625E0,9.550140381E-2,4.276606750E-1,9.680968323E0
8.249940625E0,4.849914551E-2,4.348457336E-1,9.748178558E0
8.259913625E0,6.735992432E-2,4.312532043E-1,9.748777313E0
8.269886625E0,6.047424316E-2,4.236190796E-1,9.732760620E0
8.279859625E0,1.661544800E-2,4.351451111E-1,9.736502838E0
8.289832625E0,1.826202393E-2,4.531077576E-1,9.758058014E0
8.299806625E0,-1.197509766E-2,4.682263184E-1,9.746681671E0
8.309779625E0,7.035369873E-3,4.617897034E-1,9.712253265E0
8.319752625E0,3.592529297E-3,4.602928162E-1,9.723928986E0
8.329725625E0,3.263214111E-2,4.596940613E-1,9.744136963E0
8.339698625E0,3.981719971E-2,4.664300537E-1,9.745633850E0
8.349671625E0,9.026229858E-2,4.706213379E-1,9.721983032E0
8.359644625E0,1.023870850E-1,4.352947998E-1,9.713450775E0
8.369617625E0,9.041198730E-2,4.120930481E-1,9.712253265E0
8.379590625E0,8.756790161E-2,3.824546814E-1,9.700278168E0
8.389563625E0,6.601272583E-2,3.508703613E-1,9.709708557E0
8.399536625E0,6.421646118E-2,3.444337463E-1,9.700577545E0
8.409509625E0,9.280700684E-3,3.526666260E-1,9.718839569E0
8.419482625E0,-1.901046753E-2,3.879931641E-1,9.720486145E0
8.429455625E0,-2.395019531E-2,4.061054993E-1,9.725425873E0
8.439428625E0,-8.083190918E-3,4.450245667E-1,9.734556885E0
8.449401625E0,-1.437011719E-2,4.748126221E-1,9.744286652E0
8.459374625E0,4.939727783E-3,4.993615723E-1,9.745334473E0
8.469347625E0,5.448669434E-2,5.062472534E-1,9.717791748E0
8.479320625E0,4.206253052E-2,5.128335571E-1,9.718240814E0
8.489294625E0,2.454895020E-2,4.897814941E-1,9.757159882E0
8.499267333E0,-6.286926270E-3,4.718188477E-1,9.750423889E0
8.509240333E0,-2.260299683E-2,4.540058899E-1,9.742939453E0
8.519213333E0,-2.230361938E-2,4.218228149E-1,9.720935211E0
8.529186333E0,-7.035369873E-3,4.092489624E-1,9.715995483E0
8.539159333E0,6.182144165E-2,4.206253052E-1,9.709558868E0
8.549132333E0,1.073268127E-1,4.306544495E-1,9.701775055E0
8.559105333E0,1.727407837E-1,4.707710266E-1,9.699230347E0
8.569078333E0,1.673519897E-1,5.075944519E-1,9.750573578E0
8.579051333E0,1.670526123E-1,5.231620789E-1,9.760003967E0
8.589024333E0,1.252894592E-1,5.251080322E-1,9.703421631E0
8.598997333E0,3.427871704E-2,5.029541016E-1,9.696535950E0
8.608970333E0,2.290237427E-2,5.005590820E-1,9.726773071E0
8.618943333E0,4.490661621E-3,4.897814941E-1,9.749076691E0
8.628916333E0,4.939727783E-2,4.664300537E-1,9.742640076E0
8.638889333E0,1.100212097E-1,4.601431274E-1,9.713001709E0
8.648862333E0,1.715432739E-1,4.900808716E-1,9.744436340E0
8.658835333E0,2.053729248E-1,4.887336731E-1,9.770182800E0
8.668809333E0,1.898052979E-1,5.032534790E-1,9.681417389E0
8.678782333E0,1.466949463E-1,5.071453857E-1,9.680219879E0
8.688755333E0,9.385482788E-2,4.980143738E-1,9.755812683E0
8.698728333E0,6.017486572E-2,5.102888489E-1,9.724527740E0
8.708701333E0,3.397933960E-2,5.306465149E-1,9.707612915E0
8.718674333E0,3.712280273E-2,5.090913391E-1,9.755363617E0
8.728647333E0,8.906478882E-2,4.972659302E-1,9.737550659E0
8.738620333E0,1.288819885E-1,4.872367859E-1,9.692194977E0
8.748593333E0,1.499880981E-1,4.983137512E-1,9.686955872E0
8.758566333E0,1.710942078E-1,5.143304443E-1,9.745035095E0
8.768539333E0,1.419049072E-1,5.281018066E-1,9.770033112E0
8.778512333E0,1.164578247E-1,5.544470215E-1,9.738897858E0
8.788485333E0,9.894424438E-2,5.846841431E-1,9.714348907E0
8.798458333E0,9.804611206E-2,5.849835205E-1,9.765093384E0
8.808431333E0,9.684860229E-2,5.746549988E-1,9.738897858E0
8.818404333E0,1.266366577E-1,5.712121582E-1,9.674980774E0
8.828377333E0,1.600172424E-1,5.545967102E-1,9.722581787E0
8.838350333E0,2.023791504E-1,5.577401733E-1,9.750872955E0
8.848324333E0,2.264790344E-1,5.530998230E-1,9.739047546E0
8.858297333E0,1.999841309E-1,5.533992004E-1,9.716444550E0
8.868270333E0,1.960922241E-1,5.542973328E-1,9.717342682E0
8.878243333E0,1.619631958E-1,5.652246094E-1,9.736652527E0
8.888216333E0,1.188528442E-1,5.605842590E-1,9.763596497E0
8.898189333E0,9.804611206E-2,5.478607178E-1,9.708660736E0
8.908162333E0,1.011895752E-1,5.343887329E-1,9.659263458E0
8.918135333E0,9.205856323E-2,5.328918457E-1,9.696685638E0
8.928108333E0,1.297801208E-1,5.285508728E-1,9.727820892E0
8.938081333E0,1.534309387E-1,5.164260864E-1,9.720635834E0
8.948054333E0,1.806742859E-1,5.254074097E-1,9.714348907E0
8.958027333E0,1.675016785E-1,5.611830139E-1,9.719438324E0
8.968000333E0,1.502874756E-1,5.957611084E-1,9.751471710E0
8.977973333E0,1.204994202E-1,6.153703308E-1,9.749525757E0
8.987946333E0,9.505233765E-2,5.984555054E-1,9.691745911E0
8.997919333E0,7.214996338E-2,5.783972168E-1,9.668244781E0
9.007892333E0,5.508544922E-2,6.210585022E-1,9.719138947E0
9.017865333E0,7.244934082E-2,6.261479187E-1,9.783654785E0
9.027838333E0,9.624984741E-2,6.433621216E-1,9.735904083E0
9.037812333E0,1.002914429E-1,6.520440674E-1,9.714797974E0
9.047785333E0,1.170565796E-1,6.475534058E-1,9.761650543E0
9.057758333E0,1.380130005E-1,6.427633667E-1,9.736353149E0
9.067731333E0,1.324745178E-1,6.349795532E-1,9.708960114E0
9.077704333E0,1.359173584E-1,6.249504089E-1,9.701026611E0
9.087677333E0,8.023315430E-2,6.710545349E-1,9.703870697E0
9.097650333E0,7.828720093E-2,7.117698669E-1,9.751322021E0
9.107623333E0,6.092330933E-2,7.346722412E-1,9.784253540E0
9.117596333E0,1.200503540E-1,7.318281555E-1,9.751471710E0
9.127569333E0,1.053808594E-1,7.009922791E-1,9.721533966E0
9.137542333E0,1.001417542E-1,6.721023560E-1,9.683513031E0
9.147515333E0,1.155596924E-1,6.626719666E-1,9.691446533E0
9.157488333E0,9.400451660E-2,6.447093201E-1,9.735455017E0
9.167461333E0,8.801696777E-2,6.762936401E-1,9.746082916E0
9.177434333E0,8.262817383E-2,7.143145752E-1,9.735155640E0
9.187407333E0,4.221221924E-2,7.726931763E-1,9.763147430E0
9.197380333E0,5.493576050E-2,8.108638000E-1,9.784702606E0
9.207354333E0,6.840774536E-2,7.827223206E-1,9.751621399E0
9.217326333E0,8.622070312E-2,7.560777283E-1,9.663754120E0
9.227300333E0,9.460327148E-2,7.309300232E-1,9.649683380E0
9.237273333E0,9.624984741E-2,7.214996338E-1,9.712103577E0
9.247246333E0,1.335223389E-1,7.126679993E-1,9.736951904E0
9.257219333E0,1.396595764E-1,7.132667542E-1,9.748927002E0
9.267192333E0,1.508862305E-1,7.068301392E-1,9.756261749E0
9.277165333E0,1.383123779E-1,7.274871826E-1,9.739197235E0
9.287138333E0,8.173004150E-2,7.554789734E-1,9.715995483E0
9.297111333E0,3.891906738E-2,7.595205688E-1,9.698481903E0
9.307084333E0,-1.616638184E-2,7.773335266E-1,9.680968323E0
9.317057333E0,-1.032852173E-2,7.810757446E-1,9.695039063E0
9.327030333E0,-3.906875610E-2,7.960446167E-1,9.745035095E0
9.337003333E0,5.044509888E-2,8.229885864E-1,9.733359375E0
9.346976333E0,3.772155762E-2,8.674461365E-1,9.752968597E0
9.356949333E0,2.574645996E-2,9.036708069E-1,9.809251556E0
9.366922333E0,5.733078003E-2,8.774752808E-1,9.751172333E0
9.376895333E0,-1.841171265E-2,8.716374207E-1,9.678124237E0
9.386868333E0,2.499801636E-2,8.457412720E-1,9.700278168E0
9.396841333E0,-1.616638184E-2,8.273295593E-1,9.718390503E0
9.406815333E0,4.266128540E-2,8.316705322E-1,9.696386261E0
9.416788333E0,-5.987548828E-4,8.428971863E-1,9.712852020E0
9.426761333E0,-2.634521484E-2,8.619076538E-1,9.773026886E0
9.436734333E0,2.814147949E-2,8.890013123E-1,9.770482178E0
9.446707333E0,-2.499801636E-2,9.285191345E-1,9.737251282E0
9.456680333E0,1.796264648E-3,9.322613525E-1,9.712402954E0
9.466653333E0,-8.981323242E-2,9.581575012E-1,9.741143188E0
9.476626333E0,-1.109193420E-1,9.361532593E-1,9.745484161E0
9.486599333E0,-1.474433899E-1,9.508227539E-1,9.712253265E0
9.496572708E0,-1.595681763E-1,1.012344818E0,9.721683655E0
9.506545708E0,-1.401086426E-1,1.014590149E0,9.786199493E0
9.516518708E0,-1.172062683E-1,1.015937347E0,9.765841827E0
9.526491708E0,-6.122268677E-2,9.635462952E-1,9.714348907E0
9.536464708E0,-6.152206421E-2,9.596543884E-1,9.708061981E0
9.546437708E0,1.646575928E-2,9.897418213E-1,9.741741943E0
9.556410708E0,-7.185058594E-3,1.004710693E0,9.744436340E0
9.566383708E0,-8.412506104E-2,9.990225220E-1,9.725575562E0
9.576357708E0,-1.484912109E-1,9.816586304E-1,9.702523499E0
9.586330708E0,-1.487905884E-1,9.792636108E-1,9.728120270E0
9.596303708E0,-1.737886047E-1,1.005010071E0,9.763746185E0
9.606276708E0,-1.956431580E-1,1.039288788E0,9.682315521E0
9.616249708E0,-7.289840698E-2,1.056952057E0,9.671537933E0
9.626222708E0,-3.367996216E-2,1.047970734E0,9.795779572E0
9.636195708E0,3.143463135E-3,1.042282562E0,9.771829376E0
9.646168708E0,3.442840576E-2,1.048868866E0,9.635163574E0
9.656141708E0,2.559677124E-2,1.064286804E0,9.673483887E0
9.666114708E0,1.010398865E-1,1.104253693E0,9.796528015E0
9.676087708E0,5.927673340E-2,1.117875366E0,9.792785797E0
9.686060708E0,6.990463257E-2,1.146914978E0,9.729018402E0
9.696033708E0,1.496887207E-3,1.168470154E0,9.724677429E0
9.706006708E0,-4.775070190E-2,1.143921204E0,9.811796265E0
9.715979708E0,-1.140628052E-1,1.077010345E0,9.758357391E0
9.725952708E0,-1.202000427E-1,1.043929138E0,9.625284119E0
9.735925708E0,-1.264869690E-1,1.033001862E0,9.661658478E0
9.745898708E0,-7.963439941E-2,1.024768982E0,9.788444824E0
9.755871708E0,-1.691482544E-2,1.014440460E0,9.747130737E0
9.765845708E0,-8.232879639E-3,1.022373962E0,9.688602448E0
9.775818708E0,4.625381470E-2,1.050964508E0,9.740544434E0
9.785791708E0,2.215393066E-2,1.126257935E0,9.780211945E0
9.795764708E0,-1.496887207E-3,1.204245758E0,9.761351166E0
9.805737708E0,-6.601272583E-2,1.227297821E0,9.743987274E0
9.815710708E0,-1.832189941E-1,1.198707275E0,9.777816925E0
9.825683708E0,-1.625619507E-1,1.164278870E0,9.755064240E0
9.835656708E0,-2.439926147E-1,1.131646729E0,9.694290619E0
9.845629708E0,-1.817221069E-1,1.081501007E0,9.701625366E0
9.855602708E0,-1.237925720E-1,1.017134857E0,9.737101593E0
9.865575708E0,-1.264869690E-1,9.931846619E-1,9.710457001E0
9.875548708E0,-4.355941772E-2,9.966275024E-1,9.704469452E0
9.885521708E0,-2.245330811E-2,1.009351044E0,9.732461243E0
9.895494708E0,-6.436614990E-3,1.017434235E0,9.734706573E0
9.905467708E0,-4.849914551E-2,1.011296997E0,9.667196960E0
9.915440708E0,-7.679031372E-2,1.048270111E0,9.670789490E0
9.925413708E0,-1.071771240E-1,1.098266144E0,9.767787781E0
9.935386708E0,-1.297801208E-1,1.089883575E0,9.742340698E0
9.945360708E0,-1.743873596E-1,1.095272369E0,9.656269684E0
9.955333708E0,-1.474433899E-1,1.082249451E0,9.753118286E0
9.965306708E0,-1.597178650E-1,1.093176727E0,9.821825409E0
9.975279708E0,-1.414558411E-1,1.136586456E0,9.755064240E0
9.985252708E0,-1.336720276E-1,1.142424316E0,9.713899841E0
9.995225708E0,-1.199006653E-1,1.107097778E0,9.719887390E0
1.000519871E1,-4.026626587E-2,1.069376221E0,9.721084900E0
1.001517171E1,-4.849914551E-2,1.041833496E0,9.711205444E0
1.002514471E1,-6.271957397E-2,1.023571472E0,9.691596222E0
1.003511771E1,-7.978408813E-2,1.039887543E0,9.689500580E0
1.004509071E1,-1.748364258E-1,1.008602600E0,9.748627625E0
1.005506371E1,-1.760339355E-1,1.031355286E0,9.792187042E0
1.006503671E1,-2.276765442E-1,1.038989410E0,9.773625641E0
1.007500971E1,-2.168989563E-1,1.079854431E0,9.717342682E0
1.008498271E1,-2.095642090E-1,1.112636261E0,9.715097351E0
1.009495571E1,-1.830693054E-1,1.121916962E0,9.767189026E0
1.010492871E1,-1.404080200E-1,1.164578247E0,9.779762878E0
1.011490271E1,-1.305285645E-1,1.140328674E0,9.726623383E0
1.012487571E1,-1.330732727E-1,1.121617584E0,9.704319763E0
1.013484871E1,-8.367599487E-2,1.072968750E0,9.745035095E0
1.014482171E1,-5.403762817E-2,1.010997620E0,9.749076691E0
1.015479471E1,-4.805007935E-2,1.009351044E0,9.740095367E0
1.016476771E1,-6.975494385E-2,1.007554779E0,9.745633850E0
1.017474071E1,-1.196012878E-1,1.002615051E0,9.711205444E0
1.018471371E1,-1.368154907E-1,9.873468018E-1,9.707163849E0
1.019468671E1,-1.649569702E-1,9.657916260E-1,9.700278168E0
1.020465971E1,-1.766326904E-1,9.663903809E-1,9.711205444E0
1.021463271E1,-1.803749084E-1,9.708810425E-1,9.731413422E0
1.022460571E1,-1.020877075E-1,9.865983582E-1,9.735005951E0
1.023457871E1,-8.517288208E-2,1.026265869E0,9.752818909E0
1.024455171E1,-4.206253052E-2,1.037941589E0,9.750723267E0
1.025452471E1,-4.251159668E-2,1.043929138E0,9.723928986E0
1.026449771E1,-9.131011963E-3,1.011147308E0,9.722132721E0
1.027447071E1,-2.874023438E-2,9.583071899E-1,9.718689880E0
1.028444371E1,-1.332229614E-2,9.262738037E-1,9.684860229E0
1.029441671E1,-2.020797729E-2,9.110055542E-1,9.692045288E0
1.030439071E1,-7.334747314E-2,9.325607300E-1,9.733059998E0
1.031436371E1,-8.292755127E-2,9.491761780E-1,9.749974823E0
1.032433671E1,-1.124162292E-1,9.529183960E-1,9.760752411E0
1.033430971E1,-1.044827271E-1,9.608518982E-1,9.773176575E0
1.034428271E1,-9.624984741E-2,9.824070740E-1,9.751920776E0
1.035425571E1,-4.355941772E-2,9.831555176E-1,9.707762604E0
1.036422871E1,7.484436035E-3,9.713301086E-1,9.686656494E0
1.037420171E1,1.317260742E-2,9.548643494E-1,9.729617157E0
1.038417471E1,1.616638184E-2,9.351054382E-1,9.760902100E0
1.039414771E1,-2.754272461E-2,9.270222473E-1,9.743238831E0
1.040412071E1,-5.478607178E-2,8.967851257E-1,9.749825134E0
1.041409371E1,-8.577163696E-2,8.427474976E-1,9.716743927E0
1.042406671E1,-1.052311707E-1,8.005352783E-1,9.685009918E0
1.043403971E1,-7.798782349E-2,7.937992859E-1,9.688452759E0
1.044401271E1,-6.571334839E-2,8.062234497E-1,9.750872955E0
1.045398571E1,-2.604583740E-2,8.189469910E-1,9.768536224E0
1.046395871E1,-2.844085693E-2,8.189469910E-1,9.712103577E0
1.047393171E1,-4.640350342E-3,8.538244629E-1,9.684111786E0
1.048390571E1,-1.451980591E-2,8.631051636E-1,9.745334473E0
1.049387871E1,-2.963836670E-2,8.634045410E-1,9.783355408E0
1.050385087E1,-3.173400879E-2,8.590635681E-1,9.717941437E0
1.051382387E1,-2.724334717E-2,8.523275757E-1,9.720186768E0
1.052379687E1,-3.472778320E-2,8.780740356E-1,9.776170349E0
1.053376987E1,-4.116439819E-2,8.779243469E-1,9.758058014E0
1.054374287E1,-4.490661621E-3,8.448431396E-1,9.714947662E0
1.055371587E1,-1.272354126E-2,7.990383911E-1,9.709858246E0
1.056368887E1,5.598358154E-2,7.761360168E-1,9.714947662E0
1.057366187E1,4.251159668E-2,7.479945374E-1,9.744136963E0
1.058363487E1,4.385879517E-2,7.223977661E-1,9.723629608E0
1.059360787E1,4.535568237E-2,7.141648865E-1,9.681267700E0
1.060358087E1,-1.466949463E-2,7.249424744E-1,9.733958130E0
1.061355387E1,9.280700684E-3,7.255412292E-1,9.783804474E0
1.062352687E1,-9.280700684E-3,7.518864441E-1,9.717791748E0
1.063349987E1,2.035766602E-2,7.737409973E-1,9.682465210E0
1.064347288E1,1.841171265E-2,7.930508423E-1,9.740095367E0
1.065344587E1,7.229965210E-2,7.945477295E-1,9.783056030E0
1.066341987E1,5.508544922E-2,7.824229431E-1,9.734856262E0
1.067339287E1,7.529342651E-2,7.897576904E-1,9.707014160E0
1.068336587E1,1.077758789E-1,7.620652771E-1,9.740245056E0
1.069333887E1,9.235794067E-2,7.283853149E-1,9.748627625E0
1.070331187E1,9.385482788E-2,7.050338745E-1,9.731413422E0
1.071328487E1,6.286926270E-2,6.728507996E-1,9.739197235E0
1.072325787E1,9.355545044E-2,6.792874146E-1,9.721833344E0
1.073323087E1,5.792953491E-2,6.759942627E-1,9.732311554E0
1.074320387E1,6.586303711E-2,6.599775696E-1,9.712253265E0
1.075317687E1,9.834548950E-2,6.619235229E-1,9.690847778E0
1.076314987E1,9.145980835E-2,6.655160522E-1,9.738299103E0
1.077312287E1,8.741821289E-2,6.857240295E-1,9.780511322E0
1.078309587E1,1.106199646E-1,6.945556641E-1,9.740694122E0
1.079306887E1,1.076261902E-1,6.947053528E-1,9.695338440E0
1.080304187E1,9.939331055E-2,6.659651184E-1,9.718839569E0
1.081301487E1,1.070274353E-1,6.574328613E-1,9.751322021E0
1.082298787E1,1.173559570E-1,6.442602539E-1,9.751172333E0
1.083296088E1,1.137634277E-1,6.439608765E-1,9.717492371E0
1.084293487E1,1.691482544E-1,6.551875305E-1,9.698182526E0
1.085290787E1,1.323248291E-1,6.442602539E-1,9.769284668E0
1.086288087E1,1.658551025E-1,6.120771790E-1,9.765692139E0
1.087285387E1,1.318757629E-1,6.008505249E-1,9.692793732E0
1.088282687E1,1.029858398E-1,5.948629761E-1,9.705068207E0
1.089279988E1,1.148112488E-1,5.873785400E-1,9.729317780E0
1.090277287E1,8.981323242E-2,6.007008362E-1,9.715247040E0
1.091274587E1,9.834548950E-2,6.008505249E-1,9.749226379E0
1.092271887E1,1.246907043E-1,5.930667114E-1,9.722731476E0
1.093269187E1,1.285826111E-1,6.007008362E-1,9.699978790E0
1.094266487E1,1.501377869E-1,5.999523926E-1,9.742939453E0
1.095263787E1,1.685494995E-1,5.731581116E-1,9.706565094E0
1.096261087E1,1.733395386E-1,5.670208740E-1,9.704469452E0
1.097258387E1,1.697470093E-1,5.565426636E-1,9.734556885E0
1.098255687E1,1.676513672E-1,5.700146484E-1,9.714199219E0
1.099252987E1,1.534309387E-1,5.891748047E-1,9.742789764E0
1.100250287E1,1.332229614E-1,5.881269836E-1,9.772428131E0
1.101247687E1,1.305285645E-1,5.780978394E-1,9.703870697E0
1.102244987E1,1.293310547E-1,5.740562439E-1,9.713301086E0
1.103242287E1,1.197509766E-1,5.671705627E-1,9.759255524E0
1.104239587E1,1.431024170E-1,5.915698242E-1,9.712552643E0
1.105236887E1,1.212478638E-1,5.822891235E-1,9.717492371E0
1.106234187E1,1.312770081E-1,5.745053101E-1,9.752818909E0
1.107231487E1,1.880090332E-1,5.653742981E-1,9.723928986E0
1.108228788E1,2.133064270E-1,5.541476440E-1,9.720336456E0
1.109226087E1,2.139051819E-1,5.432203674E-1,9.733658752E0
1.110223387E1,2.251318359E-1,5.495072937E-1,9.706864471E0
1.111220687E1,2.068698120E-1,5.481600952E-1,9.724677429E0
1.112217987E1,2.016307068E-1,5.405259705E-1,9.719887390E0
1.113215287E1,1.902543640E-1,5.468128967E-1,9.709409180E0
1.114212587E1,1.916015625E-1,5.436694336E-1,9.737550659E0
1.115209887E1,1.871109009E-1,5.354365540E-1,9.734257507E0
1.116207187E1,1.986369324E-1,5.468128967E-1,9.724827118E0
1.117204487E1,1.926493835E-1,5.566923523E-1,9.734556885E0
1.118201787E1,1.990859985E-1,5.785469055E-1,9.726174316E0
1.119199087E1,2.189945984E-1,5.634283447E-1,9.721683655E0
1.120196487E1,2.302212524E-1,5.493576050E-1,9.711654510E0
1.121193787E1,2.603086853E-1,5.557942200E-1,9.724378052E0
1.122191087E1,2.649490356E-1,5.369334412E-1,9.720186768E0
1.123188387E1,2.833607483E-1,5.248086548E-1,9.700427856E0
1.124185687E1,2.730322266E-1,5.123844910E-1,9.708960114E0
1.125182987E1,2.917433167E-1,5.011578369E-1,9.729168091E0
1.126180287E1,2.706372070E-1,4.860392761E-1,9.724378052E0
1.127177588E1,2.703378296E-1,4.885839844E-1,9.707762604E0
1.128174887E1,2.607577515E-1,5.122348022E-1,9.698182526E0
1.129172187E1,2.567161560E-1,5.254074097E-1,9.731114044E0
1.130169487E1,2.885998535E-1,5.297483826E-1,9.740245056E0
1.131166787E1,2.951861572E-1,5.194198608E-1,9.731263733E0
1.132164087E1,2.924917603E-1,5.149291992E-1,9.732610931E0
1.133161387E1,3.014730835E-1,5.309458923E-1,9.721833344E0
1.134158687E1,2.981799316E-1,5.453160095E-1,9.738299103E0
1.135155987E1,3.031196594E-1,5.435197449E-1,9.751022644E0
1.136153287E1,3.138972473E-1,5.339396667E-1,9.745334473E0
1.137150587E1,3.287164307E-1,5.102888489E-1,9.729018402E0
1.138147987E1,3.339555359E-1,4.863386536E-1,9.695937195E0
1.139145287E1,3.278182983E-1,4.739144897E-1,9.694140930E0
1.140142587E1,3.180885315E-1,4.502636719E-1,9.721683655E0
1.141139887E1,3.173400879E-1,4.279600525E-1,9.718540192E0
1.142137187E1,3.110531616E-1,4.155358887E-1,9.717941437E0
1.143134487E1,3.168910217E-1,4.210743713E-1,9.734107819E0
1.144131787E1,3.053649902E-1,4.387376404E-1,9.737400970E0
1.145129087E1,3.128494263E-1,4.468208313E-1,9.723629608E0
1.146126388E1,3.010240173E-1,4.659809875E-1,9.724078674E0
1.147123687E1,2.839595032E-1,4.816983032E-1,9.733958130E0
1.148120987E1,3.010240173E-1,4.908293152E-1,9.731263733E0
1.149118287E1,3.070115662E-1,4.909790039E-1,9.719588013E0
1.150115600E1,3.152444458E-1,4.815486145E-1,9.732311554E0
1.151112900E1,3.118016052E-1,4.739144897E-1,9.720935211E0
1.152110200E1,3.188369751E-1,4.604425049E-1,9.730365601E0
1.153107500E1,3.239263916E-1,4.546046448E-1,9.737700348E0
1.154104800E1,3.287164307E-1,4.269122314E-1,9.740394745E0
1.155102200E1,3.478765869E-1,4.258644104E-1,9.710457001E0
1.156099500E1,3.357518005E-1,4.281097412E-1,9.698930969E0
1.157096800E1,3.324586487E-1,4.206253052E-1,9.725276184E0
1.158094100E1,3.279679871E-1,4.110452271E-1,9.717192993E0
1.159091400E1,3.159928894E-1,4.007167053E-1,9.714498596E0
1.160088700E1,3.068618774E-1,4.122427368E-1,9.724527740E0
1.161086000E1,3.058140564E-1,4.409829712E-1,9.717342682E0
1.162083300E1,3.097059631E-1,4.429289246E-1,9.737700348E0
1.163080600E1,3.044668579E-1,4.381388855E-1,9.726174316E0
1.164077900E1,3.097059631E-1,4.421804810E-1,9.727371826E0
1.165075200E1,3.261717224E-1,4.474195862E-1,9.725276184E0
1.166072500E1,3.215313721E-1,4.472698975E-1,9.702074432E0
1.167069800E1,3.287164307E-1,4.294569397E-1,9.695039063E0
1.168067100E1,3.128494263E-1,4.216731262E-1,9.730664978E0
1.169064400E1,3.204835510E-1,4.105961609E-1,9.739197235E0
1.170061700E1,3.210823059E-1,4.085005188E-1,9.734407196E0
1.171059000E1,2.987786865E-1,3.811074829E-1,9.714947662E0
1.172056300E1,3.076103210E-1,3.899391174E-1,9.703122253E0
1.173053700E1,2.998265076E-1,3.944297791E-1,9.739646301E0
1.174051000E1,2.942880249E-1,3.869453430E-1,9.724228363E0
1.175048300E1,3.035687256E-1,3.921844482E-1,9.690548401E0
1.176045600E1,2.902464294E-1,3.999682617E-1,9.729467468E0
1.177042900E1,3.088078308E-1,4.041595459E-1,9.753118286E0
1.178040200E1,2.884501648E-1,4.170327759E-1,9.706565094E0
1.179037500E1,2.848576355E-1,4.189787292E-1,9.714947662E0
1.180034800E1,2.992277527E-1,4.182302856E-1,9.744586029E0
1.181032100E1,3.049159241E-1,4.077520752E-1,9.739795990E0
1.182029400E1,3.031196594E-1,4.004173279E-1,9.728419647E0
1.183026700E1,3.097059631E-1,3.966751099E-1,9.716893616E0
1.184024000E1,2.850073242E-1,3.993695068E-1,9.723180542E0
1.185021300E1,2.833607483E-1,3.959266663E-1,9.731263733E0
1.186018600E1,2.748284912E-1,3.794609070E-1,9.731114044E0
1.187015900E1,2.981799316E-1,3.706292725E-1,9.703421631E0
1.188013200E1,3.091072083E-1,3.671864319E-1,9.708211670E0
1.189010500E1,3.201841736E-1,3.737727356E-1,9.726473694E0
1.190007900E1,3.221301270E-1,3.872447205E-1,9.737251282E0
1.191005200E1,3.079096985E-1,3.751199341E-1,9.715696106E0
1.192002500E1,2.844085693E-1,3.718267822E-1,9.713301086E0
1.192999800E1,2.713856506E-1,3.799099731E-1,9.732610931E0
1.193997100E1,2.757266235E-1,3.867956543E-1,9.737251282E0
1.194994400E1,2.773731995E-1,3.808081055E-1,9.712253265E0
1.195991700E1,2.694396973E-1,3.911366272E-1,9.700876923E0
1.196989000E1,2.885998535E-1,3.918850708E-1,9.735455017E0
1.197986300E1,2.739303589E-1,3.802093506E-1,9.732311554E0
1.198983600E1,2.770738220E-1,3.812571716E-1,9.707612915E0
1.199980900E1,2.896476746E-1,3.638932800E-1,9.725126495E0
1.200978200E1,2.869532776E-1,3.662882996E-1,9.729168091E0
1.201975500E1,2.805166626E-1,3.670367432E-1,9.715247040E0
1.202972800E1,2.725831604E-1,3.474275208E-1,9.719438324E0
1.203970100E1,2.775228882E-1,3.522175598E-1,9.726324005E0
1.204967400E1,2.686912537E-1,3.495231628E-1,9.721384277E0
1.205964700E1,2.492317200E-1,3.492237854E-1,9.724228363E0
1.206962000E1,2.718347168E-1,3.692820740E-1,9.715995483E0
1.207959300E1,2.757266235E-1,3.656895447E-1,9.732760620E0
1.208956700E1,2.715353394E-1,3.610491943E-1,9.743089142E0
1.209954000E1,2.679428101E-1,3.490740967E-1,9.719588013E0
1.210951300E1,2.447410583E-1,3.568579102E-1,9.711205444E0
1.211948600E1,2.441423035E-1,3.713777161E-1,9.723928986E0
1.212945900E1,2.642005920E-1,3.643423462E-1,9.746981049E0
1.213943200E1,2.615061951E-1,3.600013733E-1,9.704170074E0
1.214940500E1,2.884501648E-1,3.535647583E-1,9.697434082E0
1.215937800E1,2.857557678E-1,3.435356140E-1,9.740245056E0
1.216935100E1,2.905458069E-1,3.414399719E-1,9.752669220E0
1.217932400E1,2.540217590E-1,3.375480652E-1,9.705966339E0
1.218929700E1,2.294728088E-1,3.315605164E-1,9.714947662E0
1.219927000E1,2.243833923E-1,3.267704773E-1,9.718689880E0
1.220924300E1,2.109114075E-1,3.294648743E-1,9.723180542E0
1.221921600E1,2.160008240E-1,3.335064697E-1,9.723779297E0
1.222918900E1,2.127076721E-1,3.300636292E-1,9.710157623E0
1.223916200E1,2.263293457E-1,3.308120728E-1,9.726024628E0
1.224913500E1,2.317181396E-1,3.370989990E-1,9.735305328E0
1.225910800E1,2.471360779E-1,3.303630066E-1,9.728419647E0
1.226908200E1,2.450404358E-1,3.297642517E-1,9.706565094E0
1.227905500E1,2.451901245E-1,3.342549133E-1,9.724677429E0
1.228902800E1,2.362088013E-1,3.287164307E-1,9.743987274E0
1.229900100E1,2.261796570E-1,3.233276367E-1,9.722881165E0
1.230897400E1,2.228865051E-1,3.326083374E-1,9.722132721E0
1.231894700E1,2.164498901E-1,3.225791931E-1,9.736353149E0
1.232892000E1,2.350112915E-1,3.204835510E-1,9.713899841E0
1.233889300E1,1.984872437E-1,3.189866638E-1,9.703122253E0
1.234886600E1,2.158511353E-1,3.141966248E-1,9.731413422E0
1.235883900E1,2.142045593E-1,3.124003601E-1,9.747879181E0
1.236881200E1,2.052232361E-1,3.089575195E-1,9.734706573E0
1.237878500E1,1.853146362E-1,3.097059631E-1,9.711804199E0
1.238875800E1,1.833686829E-1,3.088078308E-1,9.713600464E0
1.239873100E1,1.944456482E-1,3.040177917E-1,9.729766846E0
1.240870400E1,1.919009399E-1,3.164419556E-1,9.734407196E0
1.241867700E1,2.004331970E-1,3.116519165E-1,9.733658752E0
1.242865000E1,2.065704346E-1,3.049159241E-1,9.719737701E0
1.243862400E1,2.158511353E-1,3.101550293E-1,9.708061981E0
1.244859700E1,2.088157654E-1,3.032693481E-1,9.735305328E0
1.245857000E1,2.203417969E-1,3.288661194E-1,9.678872681E0
1.246854300E1,3.977229309E-1,2.962339783E-1,9.403595123E0
1.247851600E1,4.689747620E-1,3.315605164E-1,9.583970032E0
1.248848900E1,2.692900085E-1,3.339555359E-1,1.018886215E1
1.249846237E1,1.577719116E-1,2.992277527E-1,1.025083328E1
1.250843537E1,1.613644409E-1,2.906954956E-1,9.615404663E0
1.251840837E1,1.224453735E-1,2.568658447E-1,9.222172394E0
1.252838137E1,-1.167572021E-2,3.215313721E-1,9.419911194E0
1.253835437E1,2.799179077E-2,3.112028503E-1,9.754465485E0
1.254832737E1,1.517843628E-1,2.832110596E-1,9.926607513E0
1.255830038E1,4.637356567E-1,1.426533508E-1,9.981393585E0
1.256827337E1,4.671784973E-1,2.808160400E-1,9.572893066E0
1.257824637E1,4.119433594E-1,1.892065430E-1,1.029364426E1
1.258821937E1,4.745132446E-1,2.032772827E-1,1.121752304E1
1.259819237E1,3.591032410E-1,4.984634399E-1,1.069406158E1
1.260816537E1,-1.377136230E-1,4.351451111E-1,9.624535675E0
1.261813938E1,6.900650024E-2,6.673123169E-1,9.099128265E0
1.262811237E1,1.073268127E-1,6.590794373E-1,8.965306549E0
1.263808537E1,-1.811233521E-2,6.327342224E-1,9.504036255E0
1.264805837E1,1.844165039E-1,6.969506836E-1,1.008662476E1
1.265803137E1,2.609074402E-1,7.807763672E-1,1.032912048E1
1.266800437E1,1.754351807E-1,1.076411591E0,1.037717056E1
1.267797737E1,7.006929016E-1,1.442400513E0,1.020757324E1
1.268795037E1,1.490001526E0,1.711690521E0,9.801916809E0
1.269792337E1,-3.941304016E-1,1.008303223E0,9.311237183E0
1.270789637E1,-1.284329224E-1,1.041384430E0,8.749754791E0
1.271786937E1,4.885839844E-1,1.412762146E0,8.317453766E0
1.272784237E1,3.775149536E-1,1.378483429E0,8.234226837E0
1.273781537E1,-1.276844788E-1,1.218615875E0,8.655001831E0
1.274778838E1,-6.885681152E-2,1.044228516E0,9.275311890E0
1.275776137E1,3.817062378E-1,8.547225952E-1,9.807904358E0
1.276773437E1,9.392967224E-1,6.300398254E-1,1.005893234E1
1.277770737E1,1.279389496E0,6.135740662E-1,1.018047958E1
1.278768137E1,1.147064667E0,5.587879944E-1,1.012823822E1
1.279765437E1,9.806108093E-1,5.322930908E-1,9.968220978E0
1.280762738E1,1.218017120E0,6.670129395E-1,9.811047821E0
1.281760037E1,1.400487671E0,8.852590942E-1,9.479936371E0
1.282757337E1,2.588117981E-1,1.135239258E0,9.206604767E0
1.283754637E1,2.151026917E-1,9.892927551E-1,8.888067169E0
1.284751937E1,4.195774841E-1,8.818162537E-1,8.818761292E0
1.285749237E1,7.168592834E-1,7.771838379E-1,9.059909821E0
1.286746537E1,6.991960144E-1,6.902146912E-1,9.500443726E0
1.287743837E1,5.022056580E-1,6.592291260E-1,9.935439148E0
1.288741137E1,2.327659607E-1,6.668632507E-1,1.023137375E1
1.289738437E1,2.326162720E-1,6.228547668E-1,1.032612671E1
1.290735737E1,4.035607910E-1,5.876779175E-1,1.021790176E1
1.291733037E1,4.908293152E-1,5.028044128E-1,9.985285492E0
1.292730337E1,4.073030090E-1,4.517605591E-1,9.856852570E0
1.293727637E1,5.177732849E-1,4.763095093E-1,9.925260315E0
1.294724937E1,5.951623535E-1,5.062472534E-1,9.887239380E0
1.295722237E1,4.894821167E-1,5.294490051E-1,9.746531982E0
1.296719637E1,3.948788452E-1,5.568420410E-1,9.762848053E0
1.297716937E1,3.171903992E-1,5.499563599E-1,9.695787506E0
1.298714237E1,4.210743713E-1,5.111869812E-1,9.334588623E0
1.299711538E1,2.673440552E-1,5.126838684E-1,9.117539978E0
1.300708837E1,2.225871277E-1,5.532495117E-1,9.304950256E0
1.301706137E1,3.043171692E-1,5.674699402E-1,9.593999176E0
1.302703437E1,4.887336731E-1,5.025050354E-1,9.789642334E0
1.303700737E1,2.978805542E-1,4.261637878E-1,9.993069305E0
1.304698037E1,3.873944092E-1,3.366499329E-1,1.012674133E1
1.305695337E1,5.381309509E-1,3.369493103E-1,1.018377274E1
1.306692637E1,5.424719238E-1,4.432283020E-1,9.996063080E0
1.307689937E1,4.522096252E-1,4.571493530E-1,9.689500580E0
1.308687237E1,2.665956116E-1,4.568499756E-1,9.446705475E0
1.309684537E1,1.669029236E-1,4.906796265E-1,9.444011078E0
1.310681837E1,1.649569702E-1,4.381388855E-1,9.694140930E0
1.311679137E1,2.688409424E-1,4.165837097E-1,9.843380585E0
1.312676437E1,3.888912964E-1,5.072950745E-1,9.831704865E0
1.313673837E1,4.442761230E-1,4.513114929E-1,9.678573303E0
1.314671137E1,4.215234375E-1,4.743635559E-1,9.596244507E0
1.315668437E1,3.852987671E-1,4.346960449E-1,9.513616333E0
1.316665737E1,3.185375977E-1,3.772155762E-1,9.530082092E0
1.317663037E1,2.404000854E-1,3.354524231E-1,9.611961823E0
1.318660338E1,3.712280273E-1,3.797602844E-1,9.901160431E0
1.319657637E1,2.823129272E-1,3.733236694E-1,9.954000549E0
1.320654937E1,2.585124207E-1,3.628454590E-1,9.766889648E0
1.321652237E1,2.008822632E-1,3.528163147E-1,9.695787506E0
1.322649537E1,2.221380615E-1,3.673361206E-1,9.871821442E0
1.323646837E1,3.089575195E-1,3.418890381E-1,9.707912292E0
1.324644137E1,1.734892273E-1,2.574645996E-1,9.555529175E0
1.325641437E1,2.303709412E-1,2.552192688E-1,9.778715057E0
1.326638737E1,2.213896179E-1,2.377056885E-1,9.946665802E0
1.327636037E1,1.167572021E-1,2.219883728E-1,9.871222687E0
1.328633337E1,2.218386841E-1,3.201841736E-1,9.783654785E0
1.329630637E1,2.776725769E-1,4.406835938E-1,9.595496063E0
1.330627937E1,1.841171265E-1,4.311035156E-1,9.347761230E0
1.331625237E1,2.290237427E-1,4.285588074E-1,9.304052124E0
1.332622637E1,1.618135071E-1,3.323089600E-1,9.538314972E0
1.333619937E1,2.260299683E-1,2.830613708E-1,9.833052063E0
1.334617237E1,2.040257263E-1,2.371069336E-1,1.002689896E1
1.335614537E1,1.935475159E-1,2.095642090E-1,1.010758118E1
1.336611837E1,2.845582581E-1,2.899470520E-1,9.957293701E0
1.337609137E1,2.640509033E-1,2.743794250E-1,9.731563110E0
1.338606437E1,2.406994629E-1,2.857557678E-1,9.591903534E0
1.339603737E1,2.167492676E-1,2.655477905E-1,9.625284119E0
1.340601037E1,1.387614441E-1,2.627037048E-1,9.703271942E0
1.341598337E1,1.237925720E-1,3.038681030E-1,9.729317780E0
1.342595637E1,1.390608215E-1,3.074606323E-1,9.720336456E0
1.343592938E1,1.360670471E-1,2.890489197E-1,9.668394470E0
1.344590237E1,1.380130005E-1,2.677931213E-1,9.666298828E0
1.345587537E1,2.112107849E-1,2.478845215E-1,9.798773346E0
1.346584837E1,2.535726929E-1,2.772235107E-1,9.796528015E0
1.347582137E1,2.362088013E-1,2.866539001E-1,9.683513031E0
1.348579437E1,2.008822632E-1,2.978805542E-1,9.676627350E0
1.349576837E1,2.450404358E-1,3.366499329E-1,9.750124512E0
1.350574171E1,1.715432739E-1,3.414399719E-1,9.761650543E0
1.351571471E1,1.592687988E-1,3.260220337E-1,9.665400696E0
1.352568771E1,1.272354126E-1,3.071612549E-1,9.680668945E0
1.353566071E1,1.231938171E-1,2.880010986E-1,9.693392487E0
1.354563371E1,1.463955688E-1,2.755769348E-1,9.750423889E0
1.355560671E1,2.360591125E-1,2.888992310E-1,9.789642334E0
1.356557971E1,2.257305908E-1,3.267704773E-1,9.745783539E0
1.357555271E1,2.347119141E-1,3.637435913E-1,9.750124512E0
1.358552571E1,2.616558838E-1,3.366499329E-1,9.714049530E0
1.359549871E1,2.728825378E-1,3.132984924E-1,9.737999725E0
1.360547171E1,2.327659607E-1,3.043171692E-1,9.704619141E0
1.361544471E1,1.895059204E-1,3.242257690E-1,9.738448792E0
1.362541771E1,2.225871277E-1,3.448828125E-1,9.670340424E0
1.363539071E1,4.041595459E-2,4.216731262E-1,9.672136688E0
1.364536371E1,7.768844604E-2,4.278103638E-1,9.666747894E0
1.365533671E1,4.894821167E-2,3.969744873E-1,9.174870758E0
1.366530971E1,4.101470947E-2,4.263134766E-1,9.407936096E0
1.367528371E1,2.270777893E-1,3.414399719E-1,9.950707397E0
1.368525671E1,2.195933533E-1,2.523751831E-1,1.008946884E1
1.369522971E1,2.528242493E-1,2.538720703E-1,1.014260834E1
1.370520271E1,1.848655701E-1,2.990780640E-1,9.681118011E0
1.371517571E1,1.733395386E-1,3.275189209E-1,9.315428467E0
1.372514871E1,1.303788757E-1,3.646417236E-1,9.263336792E0
1.373512171E1,2.814147949E-2,3.311114502E-1,9.618548126E0
1.374509471E1,-2.739303589E-2,2.733316040E-1,1.024739044E1
1.375506771E1,-6.032455444E-2,2.026785278E-1,1.054317535E1
1.376504071E1,-1.002914429E-2,1.246907043E-1,1.040935364E1
1.377501371E1,1.914518738E-1,2.236349487E-1,9.771080933E0