"Time (s)","X (rad/s)","Y (rad/s)","Z (rad/s)"
7.215583231E-3,1.056599393E-1,-4.977581091E-3,1.854974427E-3
1.718858327E-2,-8.728563040E-2,-2.586747520E-3,-1.262666658E-3
2.716158330E-2,-2.273162454E-1,-8.157281205E-3,-2.145770937E-3
3.713458334E-2,-2.839450836E-1,-1.810175553E-2,-3.353439039E-3
4.710758314E-2,-2.538657188E-1,-1.712357625E-2,-3.369417973E-3
5.708058318E-2,-1.489781290E-1,-3.725816961E-3,-1.689113909E-3
6.705358322E-2,-1.226234902E-2,-1.530306879E-3,-2.391922288E-3
7.702658325E-2,1.070347726E-1,5.259262398E-3,9.646856925E-4
8.699958329E-2,1.761091650E-1,1.121675409E-2,3.263526363E-3
9.697258333E-2,1.775321066E-1,1.235373039E-2,1.337892958E-3
1.069465831E-1,1.222020015E-1,5.403146148E-3,1.997025218E-3
1.169195832E-1,3.433712944E-2,9.734369814E-4,1.589463325E-3
1.268925832E-1,-5.046430975E-2,-2.824763302E-3,-2.464400372E-3
1.368655832E-1,-1.084818840E-1,-5.070078187E-3,-1.685639843E-3
1.468385833E-1,-1.187435761E-1,-8.436047472E-3,-1.439563930E-3
1.568115833E-1,-8.642036468E-2,-4.736301489E-3,-4.060386680E-3
1.667845831E-1,-2.898450010E-2,-2.064183354E-5,1.439573476E-3
1.767575832E-1,3.044022247E-2,1.196377911E-3,1.169824507E-3
1.867305832E-1,6.941398978E-2,2.707189880E-3,2.165314043E-3
1.967035832E-1,7.912290841E-2,6.258965470E-3,5.955880624E-5
2.066765833E-1,5.872176588E-2,5.454691127E-3,7.101690862E-4
2.166495833E-1,1.737395301E-2,1.990245655E-4,-1.372550032E-4
2.266225833E-1,-2.740363777E-2,-7.722303271E-4,8.270755643E-4
2.365955831E-1,-4.967593402E-2,-2.547790762E-3,-1.698793960E-3
2.465685832E-1,-5.550719053E-2,-2.235668246E-3,-1.679885550E-3
2.565415832E-1,-3.474776447E-2,-1.440029591E-3,-3.566823434E-4
2.665145833E-1,-5.412512925E-3,-1.232036855E-3,6.404051674E-4
2.764875833E-1,2.334643900E-2,1.688535325E-3,9.713666514E-4
2.864605833E-1,3.809608892E-2,1.356172375E-3,-3.540885809E-4
2.964335831E-1,3.700226173E-2,1.178493723E-3,1.353611820E-3
3.064065832E-1,1.904030517E-2,-9.902473539E-5,3.341537667E-4
3.163795832E-1,-5.375916604E-3,-6.990712136E-4,-8.483679267E-5
3.263525832E-1,-2.318660542E-2,-1.680376008E-4,-5.929679610E-4
3.363255833E-1,-2.968437970E-2,-2.509898506E-3,-2.591919852E-3
3.462985833E-1,-2.133616805E-2,-7.892297581E-4,-1.542367972E-3
3.562725831E-1,-8.177603595E-3,2.204817720E-3,3.692141327E-4
3.662455832E-1,9.468501434E-3,2.131048590E-3,5.939849070E-4
3.762185832E-1,1.810728945E-2,9.179674089E-4,-1.244771178E-3
3.861915832E-1,2.191427909E-2,1.311583444E-3,1.938683563E-4
3.961645833E-1,1.294619404E-2,-2.606391441E-3,-1.898140181E-5
4.061375833E-1,-6.467895582E-5,2.416863106E-3,6.928815274E-4
4.161105831E-1,-1.410895772E-2,-9.745159186E-4,6.868486525E-4
4.260835832E-1,-1.759903133E-2,-3.089066129E-3,-8.559206035E-4
4.360565832E-1,-1.344975363E-2,1.523550600E-5,-1.582147437E-3
4.460295832E-1,-5.760941189E-3,5.278941244E-4,-7.602958940E-4
4.560025833E-1,4.106942564E-3,-1.709040720E-3,-9.129277896E-5
4.659755833E-1,1.134461537E-2,-1.871760003E-3,-1.965092961E-3
4.759485833E-1,1.607006788E-2,1.651172526E-3,3.651851439E-4
4.859215831E-1,6.939685438E-3,-5.671288818E-5,-3.501458326E-3
4.958940833E-1,7.670940831E-4,5.974527448E-5,8.070496842E-4
5.058670833E-1,-7.076714188E-3,-1.267307438E-3,-1.034526154E-3
5.158400831E-1,-8.581133559E-3,1.863504760E-3,9.878783021E-4
5.258130832E-1,-1.072338037E-2,9.218109772E-4,-4.433044523E-4
5.357860832E-1,-3.907651640E-3,-2.378392965E-4,4.705186002E-4
5.457590832E-1,1.271131914E-3,-4.817852750E-4,-1.596893417E-3
5.557320833E-1,4.628841300E-3,1.746939495E-3,1.955664949E-3
5.657050833E-1,8.109327406E-3,-2.430760767E-3,5.295422161E-4
5.756790831E-1,5.459382664E-3,2.575604245E-3,5.682505434E-4
5.856520832E-1,9.710760787E-5,6.184726954E-5,3.743724083E-4
5.956250832E-1,-5.958563183E-3,7.505025715E-4,-2.061658306E-4
6.055980832E-1,-8.913872764E-3,1.804580912E-3,7.967805723E-4
6.155710833E-1,-7.718078792E-3,2.654129639E-4,-4.486891849E-4
6.255440833E-1,-1.322763972E-3,-6.499160081E-4,6.205700338E-4
6.355170833E-1,4.885122180E-4,1.828585751E-3,-7.166097639E-4
6.454900831E-1,3.474714700E-3,3.610506654E-3,-4.108789144E-4
6.554630832E-1,3.855550662E-3,5.881590769E-4,9.586208034E-4
6.654360832E-1,-7.818122394E-4,9.740516543E-4,-4.195650108E-4
6.754090833E-1,-2.285071649E-3,1.667042263E-3,2.907868009E-3
6.853820833E-1,-1.759096980E-3,2.361328341E-3,3.002942773E-3
6.953550833E-1,-1.356689259E-3,-2.761721611E-3,1.593231282E-4
7.053280831E-1,-3.306922037E-3,1.379759982E-3,-2.185794292E-4
7.153010832E-1,-3.685999895E-3,-6.294064224E-5,-9.897600394E-4
7.252740832E-1,6.674695760E-4,1.532825641E-3,-1.575388946E-3
7.352470832E-1,1.073269174E-3,-1.535906922E-3,-5.962178111E-4
7.452200833E-1,2.557448577E-3,1.870010048E-3,-1.380252419E-3
7.551930833E-1,1.528938301E-4,1.602033153E-4,3.425465198E-3
7.651660831E-1,1.900193281E-3,-5.189022049E-4,2.073013457E-4
7.751390832E-1,-4.742092453E-3,3.888575360E-3,-5.232569529E-4
7.851120832E-1,-3.868309315E-3,6.333943456E-4,-5.253829993E-3
7.950850832E-1,-2.341240179E-3,-2.400492318E-3,2.928243484E-4
8.050590833E-1,-8.229720406E-4,5.127998069E-3,-1.043283613E-3
8.150320833E-1,1.500276849E-4,-1.337592024E-3,5.028879386E-4
8.250050833E-1,-8.545164019E-4,-2.992213704E-3,1.432331163E-3
8.349780831E-1,-1.695987768E-3,-2.698033582E-3,2.932770178E-3
8.449510832E-1,-9.548300877E-4,-1.714794431E-3,3.033970483E-3
8.549240832E-1,1.104767900E-3,-4.452756140E-3,3.597628325E-3
8.648970833E-1,5.102172960E-3,-2.866577357E-3,4.025598057E-3
8.748700833E-1,3.615348600E-3,2.948585898E-3,1.112167025E-3
8.848430833E-1,6.591963582E-3,7.674572989E-4,1.491679868E-4
8.948160831E-1,4.171028733E-3,-9.492984973E-4,-1.707166317E-3
9.047890832E-1,1.213588752E-3,5.496083759E-3,-3.987897187E-3
9.147620832E-1,-1.744536683E-3,1.855140552E-3,-5.434038583E-3
9.247350832E-1,-5.723565817E-3,-3.259193618E-3,-2.321868204E-3
9.347080833E-1,-8.493794128E-3,-1.086736098E-3,4.423621576E-4
9.446810833E-1,-7.394440938E-3,2.665658481E-3,1.166209346E-3
9.546540831E-1,-1.289508119E-2,1.594519429E-2,-7.380779833E-3
9.646270832E-1,-2.656908147E-2,3.777444363E-6,-2.039218508E-2
9.746000832E-1,-2.181119844E-2,-5.654600263E-2,-1.753581315E-2
9.845730832E-1,1.993172243E-2,1.776045561E-2,-1.155115757E-2
9.945460833E-1,6.164898723E-2,7.736264914E-2,-1.351218764E-2
1.004519083E0,7.834275067E-2,1.827402785E-2,-3.371146321E-2
1.014493083E0,5.379399657E-2,-2.046617866E-2,-5.551077053E-2
1.024466083E0,9.840119630E-3,1.107443590E-2,-8.199510723E-2
1.034439083E0,-3.644160554E-2,3.594047576E-2,-1.156804115E-1
1.044412083E0,-5.880203843E-2,-4.319082573E-2,-1.446609199E-1
1.054385083E0,-6.308637559E-2,-1.780210435E-2,-1.699890196E-1
1.064358083E0,-4.966351017E-2,4.143085703E-2,-1.958381981E-1
1.074331083E0,-2.046018280E-2,-3.885335755E-3,-2.283332050E-1
1.084304083E0,3.081361763E-3,-1.542614400E-2,-2.632560432E-1
1.094277083E0,2.094550803E-2,1.456572488E-2,-2.991029918E-1
1.104250083E0,2.838505059E-2,3.409574926E-2,-3.391769230E-1
1.114223083E0,2.555684000E-2,-5.376779474E-3,-3.773190379E-1
1.124196083E0,2.115516737E-2,-4.119767342E-3,-4.174198508E-1
1.134169083E0,1.995143294E-2,1.693548262E-2,-4.534674883E-1
1.144142083E0,9.570165537E-3,1.158117317E-3,-4.902657270E-1
1.154115083E0,-9.534823708E-3,3.752227873E-3,-5.299447775E-1
1.164088083E0,-2.876178175E-2,1.145941671E-2,-5.717710853E-1
1.174061083E0,-3.782096133E-2,-8.443519473E-4,-6.089561582E-1
1.184034083E0,-3.381530195E-2,-9.274587967E-3,-6.535348296E-1
1.194007083E0,-2.439934015E-2,1.835719123E-2,-6.895928383E-1
1.203980083E0,-1.335734129E-2,1.387216244E-2,-7.280992270E-1
1.213953083E0,-1.006025355E-2,-1.031143591E-2,-7.640222311E-1
1.223926083E0,-8.565421216E-3,2.684257925E-3,-7.969341278E-1
1.233900083E0,-9.986571968E-3,5.617843010E-3,-8.296069503E-1
1.243873083E0,-1.329155453E-2,-2.568447962E-3,-8.597025275E-1
1.253846083E0,-9.195715189E-3,-4.980238155E-4,-8.893324137E-1
1.263819083E0,-8.225260302E-3,1.302071474E-2,-9.185419679E-1
1.273792083E0,-4.820130300E-3,7.384622470E-3,-9.462097287E-1
1.283765083E0,-5.581794307E-3,9.239247069E-3,-9.695448279E-1
1.293738083E0,-1.016161311E-2,1.398377493E-2,-1.000515580E0
1.303711083E0,-1.251797751E-2,5.475242622E-3,-1.026767969E0
1.313684083E0,-1.521225646E-2,3.766615875E-3,-1.054585457E0
1.323657083E0,-2.240971476E-2,4.719494842E-3,-1.081366658E0
1.333630083E0,-2.238962427E-2,1.407005824E-3,-1.108758569E0
1.343603083E0,-2.617956884E-2,7.915487513E-4,-1.134777308E0
1.353576083E0,-2.293531597E-2,1.003116276E-2,-1.158399820E0
1.363549083E0,-1.929291338E-2,9.007976390E-3,-1.180643916E0
1.373522083E0,-1.617889293E-2,4.016380757E-3,-1.206018686E0
1.383495083E0,-1.000941359E-2,1.354783401E-2,-1.221671939E0
1.393468083E0,-8.747327141E-3,1.177260373E-2,-1.246568918E0
1.403441083E0,-1.500682067E-2,1.664043404E-3,-1.263972640E0
1.413414083E0,-1.946593076E-2,2.435182221E-3,-1.278244138E0
1.423387083E0,-2.867460996E-2,5.122045055E-3,-1.296008706E0
1.433360083E0,-2.613580972E-2,1.088420860E-2,-1.308499098E0
1.443333083E0,-2.293682098E-2,2.161557786E-3,-1.319730163E0
1.453307083E0,-1.690236479E-2,3.486214206E-3,-1.330011368E0
1.463280083E0,-1.470605470E-2,6.054034457E-3,-1.338014126E0
1.473253083E0,-9.457698092E-3,1.469037030E-2,-1.347360253E0
1.483226083E0,-1.079300605E-2,1.570530236E-2,-1.354657888E0
1.493198958E0,-1.900672540E-2,1.511495281E-2,-1.364103556E0
1.503171958E0,-2.403104305E-2,1.311438624E-2,-1.376626015E0
1.513144958E0,-3.246471286E-2,1.205504406E-2,-1.386870623E0
1.523117958E0,-3.187508881E-2,7.962032221E-3,-1.396093488E0
1.533090958E0,-3.122280911E-2,3.976466134E-3,-1.404245377E0
1.543063958E0,-1.646969467E-2,1.082318742E-2,-1.412074447E0
1.553036958E0,-7.553062867E-3,1.117810514E-2,-1.415820241E0
1.563009958E0,1.870798878E-3,8.344766684E-3,-1.422473907E0
1.572982958E0,-2.912348136E-4,1.632465795E-2,-1.426731944E0
1.582955958E0,-3.963201307E-3,1.350570377E-2,-1.432454586E0
1.592928958E0,-1.451012865E-2,6.445705891E-3,-1.435931563E0
1.602901958E0,-2.357712761E-2,8.513118140E-3,-1.440782309E0
1.612874958E0,-3.061116301E-2,1.220076252E-2,-1.442291856E0
1.622847958E0,-3.137868643E-2,1.210142579E-2,-1.444929719E0
1.632820958E0,-3.233848512E-2,4.214017652E-3,-1.446915269E0
1.642793958E0,-3.205299750E-2,1.257847436E-2,-1.448087931E0
1.652766958E0,-3.013057262E-2,9.222215042E-3,-1.448178291E0
1.662739958E0,-2.848367393E-2,8.993715048E-3,-1.448692799E0
1.672713958E0,-2.582937665E-2,1.369879302E-2,-1.449512839E0
1.682686958E0,-2.062875777E-2,1.496113185E-2,-1.446321845E0
1.692659958E0,-1.499013789E-2,1.430230495E-2,-1.451065421E0
1.702632958E0,-1.235254295E-2,1.433319692E-2,-1.454703808E0
1.712605958E0,-1.167352777E-2,1.578066498E-2,-1.455621243E0
1.722578958E0,-1.475187577E-2,1.091773435E-2,-1.460424542E0
1.732551958E0,-1.618720964E-2,1.217481215E-2,-1.463244438E0
1.742524958E0,-1.905836351E-2,8.182200603E-3,-1.469576120E0
1.752497958E0,-1.555977948E-2,7.080494426E-3,-1.477723479E0
1.762470958E0,-1.609960198E-2,5.529202521E-3,-1.483265519E0
1.772443958E0,-2.076438069E-2,3.368696198E-4,-1.490287304E0
1.782416958E0,-2.516525425E-2,5.899946205E-3,-1.494933248E0
1.792389958E0,-2.827522159E-2,7.620203309E-3,-1.498973727E0
1.802362958E0,-3.230351955E-2,1.687974855E-2,-1.501467228E0
1.812335958E0,-2.995540574E-2,1.355380099E-2,-1.507289886E0
1.822308958E0,-2.990267426E-2,7.826405577E-3,-1.513675570E0
1.832281958E0,-2.539695986E-2,1.767355949E-2,-1.515562057E0
1.842254958E0,-2.150155418E-2,1.112111565E-2,-1.523197889E0
1.852227958E0,-1.876763813E-2,8.671196178E-3,-1.528914094E0
1.862200958E0,-2.081081457E-2,1.536585018E-2,-1.530776739E0
1.872173958E0,-1.736611128E-2,1.920928806E-2,-1.538368940E0
1.882147958E0,-1.738155633E-2,6.775256246E-3,-1.543476701E0
1.892120958E0,-2.136573754E-2,1.366755646E-2,-1.547156930E0
1.902093958E0,-2.503051236E-2,1.961572841E-2,-1.551154017E0
1.912066958E0,-2.114300244E-2,1.297277305E-2,-1.559911489E0
1.922039958E0,-1.981914416E-2,1.682849601E-2,-1.566691399E0
1.932012958E0,-1.846840605E-2,1.598690636E-2,-1.577798963E0
1.941985958E0,-1.554931421E-2,1.315197162E-2,-1.589836717E0
1.951958958E0,-2.310940251E-2,1.205585152E-2,-1.601029873E0
1.961931958E0,-2.685034275E-2,5.345217884E-3,-1.615171313E0
1.971904958E0,-3.317409754E-2,8.956192993E-3,-1.620427251E0
1.981877958E0,-3.203932568E-2,1.247795764E-2,-1.631246448E0
1.991850958E0,-2.603434585E-2,7.437470369E-3,-1.639502883E0
2.001823958E0,-1.281707734E-2,1.474278886E-2,-1.644741654E0
2.011796958E0,-7.230378687E-3,1.489005703E-2,-1.655523300E0
2.021769958E0,-5.967773963E-3,1.010062825E-2,-1.660238147E0
2.031742958E0,-1.787752099E-2,1.490767486E-2,-1.671316147E0
2.041715958E0,-2.806331404E-2,1.409248076E-2,-1.679630518E0
2.051688958E0,-3.847964853E-2,1.443058718E-2,-1.687259316E0
2.061661958E0,-3.970417008E-2,1.725513488E-2,-1.695798755E0
2.071634958E0,-3.733317554E-2,1.030551177E-2,-1.703561902E0
2.081607958E0,-3.044091538E-2,1.595221087E-2,-1.712645054E0
2.091580958E0,-2.585786954E-2,1.655244455E-2,-1.724629164E0
2.101554958E0,-1.986043155E-2,7.676129229E-3,-1.730899572E0
2.111527958E0,-1.771056466E-2,1.087679807E-2,-1.742526531E0
2.121500958E0,-1.925759390E-2,1.374049578E-2,-1.747629881E0
2.131473958E0,-2.251517959E-2,8.121874183E-3,-1.751433372E0
2.141446958E0,-2.122567780E-2,7.825464010E-3,-1.760449529E0
2.151419958E0,-2.286643535E-2,1.676146686E-2,-1.765550852E0
2.161392958E0,-2.281130850E-2,1.327245962E-2,-1.771245837E0
2.171365958E0,-2.384691685E-2,1.298780460E-2,-1.777334213E0
2.181338958E0,-2.908881754E-2,1.461100113E-2,-1.779404879E0
2.191311958E0,-2.633706667E-2,1.346314233E-2,-1.781636596E0
2.201284958E0,-2.542759851E-2,1.804164797E-2,-1.786782980E0
2.211257958E0,-2.707371674E-2,1.173118036E-2,-1.787404537E0
2.221230958E0,-2.791287936E-2,1.283639204E-2,-1.793143392E0
2.231203958E0,-3.061391786E-2,1.875084639E-2,-1.792911172E0
2.241176958E0,-2.979366481E-2,9.288900532E-3,-1.795203328E0
2.251149958E0,-3.418895230E-2,1.395407785E-2,-1.794435501E0
2.261122958E0,-3.000619262E-2,1.739647985E-2,-1.796346068E0
2.271095958E0,-2.617125213E-2,1.485187002E-2,-1.794920206E0
2.281068958E0,-1.918950863E-2,1.880986057E-2,-1.791339040E0
2.291041958E0,-1.665000245E-2,2.570550889E-2,-1.796215653E0
2.301015958E0,-1.519005653E-2,1.688378677E-2,-1.799729705E0
2.310988958E0,-1.888567954E-2,1.264492609E-2,-1.797163725E0
2.320961958E0,-2.551987953E-2,1.437038742E-2,-1.804530621E0
2.330934958E0,-3.168425336E-2,1.487492397E-2,-1.805518031E0
2.340907958E0,-3.453010693E-2,1.147513278E-2,-1.804748058E0
2.350880958E0,-3.263145685E-2,9.098072536E-3,-1.805223942E0
2.360853958E0,-2.952301502E-2,1.656531170E-2,-1.807688951E0
2.370826958E0,-2.314507402E-2,1.543961838E-2,-1.805517554E0
2.380799958E0,-1.816576347E-2,1.800850406E-2,-1.806649327E0
2.390772958E0,-1.890178770E-2,2.165555954E-2,-1.807121515E0
2.400745958E0,-1.764877141E-2,2.000040561E-2,-1.808038473E0
2.410718958E0,-2.527128533E-2,1.843736134E-2,-1.810773134E0
2.420691958E0,-2.642976120E-2,1.891726442E-2,-1.811392903E0
2.430664958E0,-2.837454900E-2,2.131006494E-2,-1.817480683E0
2.440637958E0,-2.856043726E-2,1.718989015E-2,-1.820367336E0
2.450610958E0,-2.942266688E-2,1.790753007E-2,-1.822580099E0
2.460583958E0,-2.504948899E-2,1.317961980E-2,-1.829710722E0
2.470556958E0,-2.744262479E-2,1.509485859E-2,-1.828365207E0
2.480529958E0,-2.393790521E-2,2.500634268E-2,-1.830385566E0
2.490502833E0,-2.440447174E-2,2.052328736E-2,-1.835940361E0
2.500475833E0,-2.561620995E-2,1.654585451E-2,-1.839564919E0
2.510448833E0,-2.816415578E-2,2.587905899E-2,-1.844610214E0
2.520422833E0,-2.641765401E-2,1.684987918E-2,-1.852083325E0
2.530395833E0,-2.938833460E-2,1.337065361E-2,-1.857300282E0
2.540368833E0,-2.620825544E-2,1.417466253E-2,-1.864818931E0
2.550341833E0,-2.236434631E-2,1.451277267E-2,-1.869133830E0
2.560314833E0,-2.323919535E-2,1.648191363E-2,-1.874122977E0
2.570287833E0,-2.656200901E-2,8.252969943E-3,-1.878018975E0
2.580260833E0,-2.381442860E-2,1.184637379E-2,-1.883475780E0
2.590233833E0,-2.675748616E-2,1.565948874E-2,-1.884606123E0
2.600206833E0,-2.664270252E-2,1.449675020E-2,-1.888521671E0
2.610179833E0,-2.967575379E-2,1.913376153E-2,-1.892004251E0
2.620152833E0,-2.801873535E-2,1.539015677E-2,-1.896540761E0
2.630125833E0,-2.786883339E-2,1.657192782E-2,-1.898816824E0
2.640098833E0,-2.562458813E-2,2.126095816E-2,-1.905289412E0
2.650071833E0,-2.449279092E-2,1.089580264E-2,-1.912001133E0
2.660044833E0,-2.226878516E-2,2.115349844E-2,-1.917700648E0
2.670017833E0,-2.204369009E-2,1.006791461E-2,-1.923682928E0
2.679990833E0,-2.122849785E-2,1.256143209E-2,-1.926752687E0
2.689963833E0,-2.488121204E-2,1.310651004E-2,-1.933691263E0
2.699936833E0,-2.542369813E-2,1.297335140E-2,-1.938304901E0
2.709909833E0,-2.848116681E-2,2.099105716E-2,-1.940102458E0
2.719882833E0,-3.087082133E-2,1.406310964E-2,-1.946480155E0
2.729856833E0,-3.101107851E-2,1.725753397E-2,-1.952546716E0
2.739829833E0,-2.906111255E-2,1.672596484E-2,-1.956699014E0
2.749802833E0,-3.021807969E-2,1.821124926E-2,-1.963096380E0
2.759775833E0,-2.588298731E-2,1.670470089E-2,-1.970434785E0
2.769748833E0,-2.962235734E-2,1.322049648E-2,-1.976285934E0
2.779721833E0,-2.981383912E-2,1.413342729E-2,-1.981956124E0
2.789694833E0,-3.280861676E-2,1.611933485E-2,-1.989913940E0
2.799667833E0,-3.294657171E-2,1.480106916E-2,-1.993574142E0
2.809640833E0,-2.968808822E-2,1.085338183E-2,-1.997081518E0
2.819613833E0,-2.311966754E-2,1.927642897E-2,-2.003226042E0
2.829586833E0,-1.991848834E-2,1.971015707E-2,-2.010790825E0
2.839559833E0,-2.310389653E-2,1.299499441E-2,-2.015095472E0
2.849532833E0,-2.758767642E-2,1.291182544E-2,-2.018769026E0
2.859505833E0,-3.042367660E-2,2.101236209E-2,-2.024085760E0
2.869478833E0,-3.925126418E-2,1.451569889E-2,-2.030868769E0
2.879451833E0,-3.825604171E-2,1.506590750E-2,-2.037674904E0
2.889424833E0,-3.411082551E-2,1.477124449E-2,-2.041639566E0
2.899397833E0,-3.346128017E-2,1.246308256E-2,-2.045871496E0
2.909370833E0,-2.889964730E-2,1.970977709E-2,-2.048424244E0
2.919343833E0,-2.736619860E-2,1.774276607E-2,-2.053191185E0
2.929316833E0,-2.511839382E-2,1.636195183E-2,-2.057040691E0
2.939290833E0,-2.710830793E-2,2.265180275E-2,-2.065621138E0
2.949263833E0,-3.196939453E-2,1.595491171E-2,-2.070572376E0
2.959236833E0,-3.592232615E-2,1.638341695E-2,-2.081111908E0
2.969209833E0,-3.793744743E-2,1.974162459E-2,-2.092862129E0
2.979182833E0,-3.465962783E-2,1.028447133E-2,-2.101505041E0
2.989155833E0,-2.625379339E-2,1.136875525E-2,-2.110393763E0
2.999128833E0,-1.817802526E-2,1.646151952E-2,-2.114767790E0
3.009101833E0,-1.591762155E-2,1.638280228E-2,-2.121366739E0
3.019074833E0,-2.595347911E-2,1.046445873E-2,-2.126644850E0
3.029047833E0,-2.935927920E-2,1.573499478E-2,-2.136667728E0
3.039020833E0,-4.351637885E-2,2.046796493E-2,-2.144794226E0
3.048993833E0,-5.088049173E-2,1.842594519E-2,-2.152748346E0
3.058966833E0,-4.440155625E-2,1.981744543E-2,-2.161185741E0
3.068939833E0,-2.809499763E-2,1.781066880E-2,-2.168256760E0
3.078912833E0,-1.590837166E-2,1.740773022E-2,-2.179013968E0
3.088885833E0,-6.195995491E-3,1.403993275E-2,-2.186779737E0
3.098858833E0,-3.101429902E-4,1.191712823E-2,-2.191157103E0
3.108831833E0,-1.502676308E-2,1.179024391E-2,-2.200280905E0
3.118804833E0,-2.885735780E-2,1.325098798E-2,-2.207095861E0
3.128778833E0,-4.489511997E-2,1.645386964E-2,-2.209202051E0
3.138751833E0,-4.881129786E-2,1.728610694E-2,-2.216404438E0
3.148724833E0,-4.525989294E-2,1.695641130E-2,-2.220355988E0
3.158697833E0,-3.824086487E-2,1.984833926E-2,-2.230974674E0
3.168670833E0,-3.058949672E-2,1.866029575E-2,-2.236016750E0
3.178643833E0,-2.524399944E-2,1.658329368E-2,-2.247353792E0
3.188616833E0,-2.135181613E-2,1.266393065E-2,-2.257729530E0
3.198589833E0,-2.481445856E-2,1.127296127E-2,-2.262288332E0
3.208562833E0,-3.011803702E-2,7.774361409E-3,-2.263854980E0
3.218535833E0,-3.282061219E-2,1.079891343E-2,-2.271167517E0
3.228508833E0,-3.360599279E-2,1.725951955E-2,-2.272322655E0
3.238481833E0,-3.749394044E-2,2.086437307E-2,-2.275388479E0
3.248454833E0,-3.486380726E-2,2.367739379E-2,-2.275043011E0
3.258427833E0,-2.972204052E-2,1.643093303E-2,-2.280125856E0
3.268400833E0,-2.928581089E-2,2.005690336E-2,-2.285107851E0
3.278373833E0,-3.265018389E-2,2.379838005E-2,-2.292059898E0
3.288346833E0,-3.321085870E-2,1.460860390E-2,-2.297847033E0
3.298319833E0,-3.313655779E-2,1.569331065E-2,-2.301132917E0
3.308292833E0,-3.486565500E-2,1.304422412E-2,-2.307257175E0
3.318265833E0,-3.624410555E-2,1.374117378E-2,-2.311856031E0
3.328238833E0,-3.438675031E-2,1.542646717E-2,-2.310800791E0
3.338211833E0,-3.605175763E-2,1.653141156E-2,-2.313616276E0
3.348185833E0,-3.245291114E-2,2.067710459E-2,-2.317960024E0
3.358158833E0,-3.276636451E-2,1.796441153E-2,-2.320068121E0
3.368131833E0,-3.032861277E-2,2.151760831E-2,-2.323312044E0
3.378104833E0,-2.814375609E-2,1.460963394E-2,-2.328319073E0
3.388077833E0,-2.466007508E-2,1.727465913E-2,-2.332353115E0
3.398050833E0,-2.234339155E-2,2.133411542E-2,-2.338177919E0
3.408023833E0,-2.133973315E-2,1.328056399E-2,-2.343330383E0
3.417996833E0,-2.248356119E-2,1.472559478E-2,-2.346637249E0
3.427969833E0,-2.386920154E-2,1.840722375E-2,-2.352957726E0
3.437942833E0,-3.090740368E-2,1.610625349E-2,-2.360894680E0
3.447915833E0,-4.019200057E-2,1.275082864E-2,-2.363922358E0
3.457888833E0,-4.349271953E-2,1.539747790E-2,-2.364973545E0
3.467861833E0,-4.595869407E-2,1.342581678E-2,-2.369162321E0
3.477834833E0,-4.295651242E-2,1.498909201E-2,-2.373056412E0
3.487807833E0,-3.849723563E-2,1.773587987E-2,-2.376675367E0
3.497780625E0,-3.118952177E-2,1.644717529E-2,-2.379935980E0
3.507753625E0,-2.753335238E-2,2.010068670E-2,-2.384374857E0
3.517726625E0,-2.612347342E-2,1.938696206E-2,-2.386276960E0
3.527699625E0,-2.907265909E-2,1.128349546E-2,-2.390032768E0
3.537672625E0,-2.851019986E-2,1.863541827E-2,-2.394312620E0
3.547646625E0,-2.817782201E-2,2.074147761E-2,-2.400483847E0
3.557619625E0,-3.132381290E-2,1.787804440E-2,-2.403718472E0
3.567592625E0,-2.826120146E-2,2.251309529E-2,-2.413758039E0
3.577565625E0,-3.268897533E-2,1.449085679E-2,-2.416817427E0
3.587538625E0,-3.671149537E-2,1.090935990E-2,-2.419868231E0
3.597511625E0,-4.424717650E-2,2.677263692E-3,-2.422475815E0
3.607484625E0,-4.760557786E-2,1.346845739E-2,-2.423013687E0
3.617457625E0,-4.223584756E-2,7.996194065E-3,-2.417638302E0
3.627430625E0,-3.567348048E-2,1.279320102E-2,-2.417130470E0
3.637403625E0,-2.789838240E-2,2.028786764E-2,-2.411133766E0
3.647376625E0,-2.140587568E-2,1.992511377E-2,-2.407724380E0
3.657349625E0,-2.394519933E-2,2.717610449E-2,-2.404534578E0
3.667322625E0,-2.713167481E-2,1.422081515E-2,-2.404306412E0
3.677295625E0,-3.431129083E-2,1.331001334E-2,-2.400975466E0
3.687268625E0,-3.843785450E-2,2.090808749E-2,-2.403084040E0
3.697241625E0,-4.152499139E-2,1.127916295E-2,-2.403805256E0
3.707214625E0,-3.247566149E-2,7.820821367E-3,-2.402390718E0
3.717187625E0,-2.738183364E-2,2.210069075E-2,-2.401319027E0
3.727160625E0,-1.810930856E-2,1.687365957E-2,-2.400545597E0
3.737133625E0,-1.917723566E-2,1.130924933E-2,-2.399753571E0
3.747106625E0,-2.938355692E-2,2.899085917E-2,-2.399904728E0
3.757080625E0,-3.867319599E-2,1.944688894E-2,-2.399626017E0
3.767053625E0,-4.487613216E-2,1.281759236E-2,-2.402039528E0
3.777026625E0,-4.687483236E-2,2.161427960E-2,-2.402751684E0
3.786999625E0,-4.434954748E-2,2.015399933E-2,-2.401918411E0
3.796972625E0,-3.773132712E-2,8.471242152E-3,-2.406259775E0
3.806945625E0,-3.254532441E-2,1.829437539E-2,-2.408062458E0
3.816918625E0,-2.330814861E-2,2.487904206E-2,-2.407885075E0
3.826891625E0,-2.254465967E-2,8.245713077E-3,-2.407493353E0
3.836864625E0,-2.140589245E-2,1.702029631E-2,-2.402748108E0
3.846837625E0,-2.936161496E-2,1.910645515E-2,-2.404911280E0
3.856810625E0,-3.769145161E-2,1.952403784E-2,-2.405281067E0
3.866783625E0,-4.403430969E-2,1.914944872E-2,-2.405301332E0
3.876756625E0,-4.777418450E-2,1.867247745E-2,-2.408000946E0
3.886729625E0,-4.575718939E-2,2.082484215E-2,-2.409676313E0
3.896702625E0,-4.678943008E-2,1.612569392E-2,-2.410801411E0
3.906675625E0,-4.358449951E-2,1.770388708E-2,-2.415040255E0
3.916648625E0,-3.491697833E-2,2.024081349E-2,-2.412414074E0
3.926621625E0,-2.803165279E-2,2.085577883E-2,-2.415416956E0
3.936594625E0,-2.937175520E-2,1.669831760E-2,-2.414463997E0
3.946567625E0,-3.417912871E-2,1.439050306E-2,-2.415019512E0
3.956541625E0,-3.424890339E-2,1.887153834E-2,-2.413502455E0
3.966514625E0,-3.810954839E-2,1.898858324E-2,-2.409100533E0
3.976487625E0,-3.774096817E-2,2.244962752E-2,-2.410102844E0
3.986460625E0,-3.471926972E-2,1.717489958E-2,-2.409204721E0
3.996433625E0,-3.670758381E-2,1.643134654E-2,-2.408896923E0
4.006406625E0,-2.958648466E-2,1.615662687E-2,-2.408957243E0
4.016379625E0,-2.784238197E-2,1.904935390E-2,-2.407009840E0
4.026352625E0,-2.660578862E-2,1.684867218E-2,-2.405100584E0
4.036325625E0,-2.947268076E-2,1.015348267E-2,-2.403572798E0
4.046298625E0,-3.376062214E-2,1.736535504E-2,-2.398480177E0
4.056271625E0,-3.942196816E-2,2.258621529E-2,-2.397716045E0
4.066244625E0,-4.493800178E-2,2.171346173E-2,-2.395944834E0
4.076217625E0,-4.605866224E-2,1.664227247E-2,-2.395502329E0
4.086190625E0,-4.655320942E-2,1.024669129E-2,-2.390055656E0
4.096163625E0,-4.063326865E-2,3.008138016E-2,-2.388039351E0
4.106136625E0,-4.033711180E-2,2.997302264E-2,-2.389180183E0
4.116109625E0,-3.827662393E-2,8.642965928E-3,-2.392840147E0
4.126082625E0,-3.426539153E-2,1.649119705E-2,-2.392255545E0
4.136055625E0,-3.271729499E-2,2.718831599E-2,-2.394646168E0
4.146028625E0,-2.963556722E-2,1.652786881E-2,-2.393245697E0
4.156002625E0,-3.058045730E-2,1.077384409E-2,-2.393710613E0
4.165975625E0,-3.141768649E-2,8.788235486E-3,-2.392759800E0
4.175948625E0,-3.283342347E-2,2.397917397E-2,-2.389094830E0
4.185921625E0,-3.626443818E-2,1.606481895E-2,-2.386553049E0
4.195894625E0,-3.763410076E-2,7.325124927E-3,-2.383852959E0
4.205867625E0,-3.597044200E-2,2.366598323E-2,-2.380244493E0
4.215840625E0,-4.057317972E-2,2.244678698E-2,-2.376452684E0
4.225813625E0,-4.045340419E-2,1.192386821E-2,-2.373543739E0
4.235786625E0,-4.087151960E-2,1.637480967E-2,-2.371375084E0
4.245759625E0,-3.860241547E-2,1.830316335E-2,-2.366492987E0
4.255732625E0,-3.134849668E-2,2.040466666E-2,-2.365108490E0
4.265705625E0,-3.054573759E-2,1.093454286E-2,-2.361555576E0
4.275678625E0,-2.941256389E-2,1.806409098E-2,-2.361682177E0
4.285651625E0,-3.179787844E-2,2.186035737E-2,-2.356578827E0
4.295624625E0,-2.825161442E-2,6.812963635E-3,-2.355701208E0
4.305597625E0,-2.763996646E-2,2.277408168E-2,-2.351338863E0
4.315570625E0,-2.278662100E-2,1.476409379E-2,-2.349067211E0
4.325543625E0,-2.653538808E-2,8.469069377E-3,-2.346760273E0
4.335516625E0,-2.857110649E-2,1.902557351E-2,-2.341246367E0
4.345489625E0,-3.922152147E-2,2.046325803E-2,-2.337772131E0
4.355462625E0,-4.386314377E-2,9.920069017E-3,-2.332765102E0
4.365436625E0,-4.950612038E-2,5.028035492E-3,-2.327134132E0
4.375409625E0,-4.976151511E-2,1.871002465E-2,-2.318787336E0
4.385382625E0,-4.364743456E-2,1.901914179E-2,-2.312939644E0
4.395355625E0,-3.956827149E-2,1.125496347E-2,-2.306201220E0
4.405328625E0,-3.221955523E-2,1.561254449E-2,-2.301271439E0
4.415301625E0,-2.938887849E-2,2.085977048E-2,-2.292004585E0
4.425274625E0,-3.228913993E-2,2.156584710E-2,-2.285943270E0
4.435247625E0,-2.987897769E-2,1.291163731E-2,-2.283576012E0
4.445220625E0,-3.148141131E-2,1.469839457E-2,-2.276063442E0
4.455193625E0,-3.259567916E-2,1.595247909E-2,-2.274109125E0
4.465166625E0,-3.455859795E-2,1.901202835E-2,-2.269273043E0
4.475139625E0,-2.914092690E-2,1.125397347E-2,-2.264074802E0
4.485112625E0,-2.971439436E-2,1.363548543E-2,-2.258471489E0
4.495086125E0,-2.580966800E-2,1.451832335E-2,-2.253910780E0
4.505059125E0,-2.870158479E-2,9.409463964E-3,-2.248200178E0
4.515032125E0,-3.689719737E-2,1.418744121E-2,-2.242544413E0
4.525005125E0,-4.388790950E-2,1.343411114E-2,-2.236437798E0
4.534978125E0,-4.185219109E-2,1.508819964E-2,-2.228948832E0
4.544951125E0,-3.325338289E-2,1.816887036E-2,-2.220295906E0
4.554925125E0,-3.239184991E-2,1.812839136E-2,-2.216150999E0
4.564898125E0,-3.104111925E-2,1.655926555E-2,-2.211885691E0
4.574871125E0,-2.754332311E-2,1.030989178E-2,-2.211948395E0
4.584844125E0,-3.157508001E-2,2.323189192E-2,-2.205474854E0
4.594817125E0,-2.982032299E-2,1.920545660E-2,-2.200937271E0
4.604790125E0,-3.121776693E-2,1.051015873E-2,-2.198728085E0
4.614763125E0,-2.712155879E-2,1.290673669E-2,-2.199557066E0
4.624736125E0,-2.707477100E-2,1.776373386E-2,-2.194763899E0
4.634709125E0,-2.540550195E-2,1.349841338E-2,-2.194577217E0
4.644682125E0,-3.325222433E-2,8.256812580E-3,-2.190740347E0
4.654655125E0,-3.482855111E-2,1.664710045E-2,-2.184759855E0
4.664628125E0,-3.836968914E-2,1.451867260E-2,-2.182709217E0
4.674601125E0,-3.825091198E-2,1.369362697E-2,-2.178975344E0
4.684574125E0,-3.757454455E-2,1.716972888E-2,-2.174230576E0
4.694547125E0,-3.589195758E-2,2.059775218E-2,-2.174035311E0
4.704520125E0,-3.524001315E-2,1.326534431E-2,-2.172576427E0
4.714493125E0,-3.315928578E-2,1.512076799E-2,-2.170534372E0
4.724466125E0,-3.223367780E-2,1.726561040E-2,-2.169761181E0
4.734439125E0,-3.139398247E-2,1.386022568E-2,-2.171422243E0
4.744412125E0,-2.615491487E-2,1.515516546E-2,-2.169462919E0
4.754385125E0,-2.716158889E-2,1.540790033E-2,-2.168057919E0
4.764359125E0,-2.425738238E-2,1.197594870E-2,-2.164685011E0
4.774332125E0,-2.904068492E-2,1.474030968E-2,-2.164206266E0
4.784305125E0,-3.178855032E-2,1.440898050E-2,-2.165355921E0
4.794278125E0,-3.510152549E-2,1.496771071E-2,-2.162170887E0
4.804251125E0,-3.934269771E-2,1.808737777E-2,-2.162206173E0
4.814224125E0,-3.748967126E-2,2.097983845E-2,-2.162695169E0
4.824197125E0,-3.210238367E-2,1.408134401E-2,-2.162047625E0
4.834170125E0,-2.810843848E-2,1.381742395E-2,-2.164175034E0
4.844143125E0,-2.627341822E-2,1.232171152E-2,-2.164083004E0
4.854116125E0,-2.960583195E-2,1.181810815E-2,-2.165552378E0
4.864089125E0,-3.143034875E-2,1.417876780E-2,-2.161718369E0
4.874062125E0,-3.054564632E-2,1.180722192E-2,-2.164306641E0
4.884035125E0,-3.256592900E-2,1.481537800E-2,-2.162695885E0
4.894008125E0,-3.240107745E-2,2.176010236E-2,-2.159892321E0
4.903981125E0,-3.028778732E-2,1.583176106E-2,-2.163484573E0
4.913954125E0,-2.518011071E-2,2.112878859E-2,-2.162174225E0
4.923927125E0,-2.547464892E-2,2.637909353E-2,-2.165174246E0
4.933900125E0,-2.551033720E-2,1.364598796E-2,-2.163874626E0
4.943873125E0,-3.238173574E-2,7.162144408E-3,-2.168084621E0
4.953846125E0,-3.457751125E-2,1.696284302E-2,-2.172086239E0
4.963820125E0,-3.977447748E-2,1.523273159E-2,-2.171539545E0
4.973793125E0,-4.255375266E-2,1.006806362E-2,-2.168721676E0
4.983766125E0,-3.496799991E-2,1.781314239E-2,-2.169108391E0
4.993739125E0,-3.214185312E-2,1.544532645E-2,-2.169202328E0
5.003712125E0,-2.690128423E-2,1.096189488E-2,-2.169307709E0
5.013685125E0,-2.562030405E-2,2.538051456E-2,-2.169246912E0
5.023658125E0,-2.993713692E-2,1.321345475E-2,-2.168767214E0
5.033631125E0,-2.993553877E-2,1.162594464E-2,-2.169040918E0
5.043604125E0,-3.253744915E-2,2.304744348E-2,-2.171230555E0
5.053577125E0,-3.412788734E-2,1.159025822E-2,-2.170836926E0
5.063550125E0,-3.266171366E-2,2.019990981E-2,-2.167658329E0
5.073523125E0,-3.134504706E-2,1.695245132E-2,-2.169462919E0
5.083496125E0,-3.212429211E-2,1.753747463E-2,-2.167691469E0
5.093469125E0,-3.263348714E-2,1.887464523E-2,-2.167233467E0
5.103442125E0,-3.053697571E-2,2.079810202E-2,-2.168625116E0
5.113415125E0,-3.406779468E-2,2.303382382E-2,-2.166857719E0
5.123388125E0,-3.687148914E-2,1.095000282E-2,-2.169117451E0
5.133361125E0,-3.835247457E-2,2.213607728E-2,-2.170250893E0
5.143334125E0,-3.251605481E-2,2.334240824E-2,-2.166992426E0
5.153308125E0,-3.096822463E-2,1.427407749E-2,-2.169346809E0
5.163281125E0,-2.686268091E-2,1.752050593E-2,-2.168900013E0
5.173254125E0,-2.555480227E-2,1.807204634E-2,-2.172504187E0
5.183227125E0,-2.646864578E-2,1.447903086E-2,-2.168852091E0
5.193200125E0,-2.703643218E-2,1.870493591E-2,-2.169755936E0
5.203173125E0,-2.634929493E-2,2.191326767E-2,-2.166548014E0
5.213146125E0,-2.915946208E-2,1.161136199E-2,-2.168943405E0
5.223119125E0,-2.916881815E-2,2.256001160E-2,-2.165589333E0
5.233092125E0,-3.437290341E-2,2.110885456E-2,-2.167385578E0
5.243065125E0,-3.714488074E-2,1.062797662E-2,-2.166256905E0
5.253038125E0,-3.702263907E-2,2.197384089E-2,-2.164209127E0
5.263011125E0,-3.671203554E-2,1.899643242E-2,-2.163432598E0
5.272984125E0,-3.766571358E-2,1.492792182E-2,-2.163697481E0
5.282957125E0,-3.473437577E-2,1.636089198E-2,-2.161412716E0
5.292930125E0,-3.403609619E-2,2.088027634E-2,-2.159654617E0
5.302903125E0,-3.306263313E-2,1.974303648E-2,-2.158450365E0
5.312876125E0,-3.300058097E-2,2.317345515E-2,-2.157166481E0
5.322849125E0,-2.819505148E-2,2.152338624E-2,-2.154209852E0
5.332822125E0,-2.437021956E-2,1.891029254E-2,-2.154312849E0
5.342795125E0,-2.182193659E-2,2.131562307E-2,-2.155157804E0
5.352769125E0,-2.422144450E-2,1.778293774E-2,-2.155583382E0
5.362742125E0,-2.657189034E-2,1.316651143E-2,-2.154657125E0
5.372715125E0,-2.716204710E-2,2.136318944E-2,-2.156519890E0
5.382688125E0,-3.319151327E-2,1.508713793E-2,-2.155809402E0
5.392661125E0,-3.491617367E-2,1.586877555E-2,-2.156736135E0
5.402634125E0,-3.596180677E-2,1.448986307E-2,-2.158192873E0
5.412607125E0,-3.393035010E-2,7.895875722E-3,-2.157244682E0
5.422580125E0,-3.647216409E-2,2.278344333E-2,-2.152254581E0
5.432553125E0,-3.262576088E-2,1.211695094E-2,-2.150006294E0
5.442526125E0,-3.105424158E-2,1.577271521E-2,-2.147325277E0
5.452499125E0,-3.114292398E-2,2.467033640E-2,-2.145154715E0
5.462472125E0,-3.104230948E-2,6.596512161E-3,-2.143466711E0
5.472445125E0,-3.355926275E-2,2.305538207E-2,-2.142279625E0
5.482418125E0,-3.243064880E-2,2.446626127E-2,-2.139833689E0
5.492390875E0,-2.877306007E-2,1.356673893E-2,-2.141049862E0
5.502363875E0,-2.633651905E-2,2.150299214E-2,-2.139653444E0
5.512336875E0,-2.329891734E-2,1.338834129E-2,-2.142109156E0
5.522309875E0,-2.814171277E-2,1.522733364E-2,-2.140344143E0
5.532282875E0,-2.602955885E-2,1.489310805E-2,-2.142898560E0
5.542256875E0,-2.921151556E-2,1.176926121E-2,-2.143604755E0
5.552229875E0,-3.197827190E-2,1.971746609E-2,-2.139732361E0
5.562202875E0,-3.231560066E-2,1.089391764E-2,-2.141443491E0
5.572175875E0,-3.443175182E-2,1.399649959E-2,-2.142204046E0
5.582148875E0,-3.219788894E-2,1.315653790E-2,-2.138603926E0
5.592121875E0,-3.295342997E-2,1.418691594E-2,-2.136339664E0
5.602094875E0,-3.145768866E-2,1.977855712E-2,-2.135939121E0
5.612067875E0,-2.990000322E-2,1.080503408E-2,-2.134954453E0
5.622040875E0,-3.010534868E-2,1.618192345E-2,-2.132738590E0
5.632013875E0,-3.025501780E-2,1.846904680E-2,-2.132992029E0
5.641986875E0,-2.995887399E-2,1.318168174E-2,-2.130930185E0
5.651959875E0,-3.033038229E-2,1.941640675E-2,-2.128204823E0
5.661932875E0,-2.739435434E-2,1.774741337E-2,-2.124836683E0
5.671905875E0,-3.211986646E-2,1.452978235E-2,-2.126825809E0
5.681878875E0,-3.365268558E-2,1.286355034E-2,-2.125013351E0
5.691851875E0,-3.190538287E-2,1.115247048E-2,-2.121698856E0
5.701824875E0,-2.940130048E-2,1.664082706E-2,-2.121341228E0
5.711797875E0,-3.155766428E-2,1.378858183E-2,-2.118617535E0
5.721770875E0,-3.238252923E-2,1.271258667E-2,-2.116970062E0
5.731743875E0,-3.292953968E-2,1.493446156E-2,-2.114268064E0
5.741717875E0,-3.121793456E-2,1.555190049E-2,-2.109698057E0
5.751690875E0,-3.171567991E-2,1.764674298E-2,-2.109882355E0
5.761663875E0,-3.225568309E-2,1.636271924E-2,-2.108976364E0
5.771636875E0,-2.765214071E-2,1.201990154E-2,-2.104434013E0
5.781609875E0,-2.897191979E-2,1.444851421E-2,-2.104960918E0
5.791582875E0,-2.636148781E-2,2.306810394E-2,-2.104624748E0
5.801555875E0,-2.666010894E-2,9.628190659E-3,-2.107105494E0
5.811528875E0,-2.547393739E-2,8.638027124E-3,-2.106004238E0
5.821501875E0,-2.625051513E-2,1.495291572E-2,-2.104267836E0
5.831474875E0,-2.907000296E-2,9.012467228E-3,-2.104541779E0
5.841447875E0,-3.165904060E-2,1.018574275E-2,-2.097436428E0
5.851420875E0,-3.391474113E-2,1.468808204E-2,-2.096681595E0
5.861393875E0,-3.201014921E-2,1.253926009E-2,-2.090834141E0
5.871366875E0,-3.463229537E-2,1.386018656E-2,-2.087513685E0
5.881339875E0,-2.885607071E-2,1.537582837E-2,-2.086835861E0
5.891312875E0,-2.827337198E-2,1.731833816E-2,-2.084593773E0
5.901285875E0,-2.979164757E-2,1.640046388E-2,-2.088529110E0
5.911258875E0,-3.187104315E-2,1.190291718E-2,-2.086468697E0
5.921231875E0,-3.243020549E-2,1.286796667E-2,-2.085336208E0
5.931204875E0,-3.005280159E-2,1.106607169E-2,-2.083255291E0
5.941178875E0,-3.068068251E-2,1.398139354E-2,-2.080547094E0
5.951151875E0,-3.186685592E-2,9.896636941E-3,-2.077446222E0
5.961124875E0,-2.859594859E-2,1.615156233E-2,-2.071614981E0
5.971097875E0,-2.322754823E-2,1.426817384E-2,-2.071283579E0
5.981070875E0,-2.450455725E-2,1.495189313E-2,-2.067430973E0
5.991043875E0,-2.921568975E-2,1.721344888E-2,-2.066111088E0
6.001016875E0,-3.031112812E-2,1.681530289E-2,-2.064943552E0
6.010989875E0,-2.971910685E-2,1.419555210E-2,-2.065732479E0
6.020962875E0,-3.271896392E-2,1.120070647E-2,-2.063396215E0
6.030935875E0,-3.242734820E-2,1.351099741E-2,-2.064250708E0
6.040908875E0,-3.233664483E-2,1.327657234E-2,-2.061195612E0
6.050881875E0,-3.068388626E-2,1.092793141E-2,-2.062557936E0
6.060854875E0,-2.873774804E-2,1.390496828E-2,-2.059976101E0
6.070827875E0,-2.257093228E-2,1.452415250E-2,-2.058527470E0
6.080800875E0,-2.472424880E-2,1.319990586E-2,-2.061583996E0
6.090773875E0,-2.942712605E-2,1.044593100E-2,-2.061116457E0
6.100746875E0,-2.884895727E-2,9.217339568E-3,-2.058118820E0
6.110719875E0,-3.009611554E-2,1.133535150E-2,-2.058255434E0
6.120692875E0,-2.438159287E-2,1.649161242E-2,-2.057680368E0
6.130666875E0,-2.453126386E-2,1.827832684E-2,-2.058570623E0
6.140639875E0,-2.255938388E-2,1.287995372E-2,-2.059429169E0
6.150612875E0,-2.477114089E-2,1.146208588E-2,-2.056861877E0
6.160585875E0,-2.920447476E-2,1.900901645E-2,-2.056828737E0
6.170558875E0,-3.531296551E-2,8.907645009E-3,-2.056469917E0
6.180531875E0,-3.963823617E-2,5.904335529E-3,-2.055367470E0
6.190504875E0,-3.945155069E-2,1.400513854E-2,-2.052938223E0
6.200477875E0,-3.506611288E-2,1.265806984E-2,-2.046381712E0
6.210450875E0,-3.432308882E-2,7.247590460E-3,-2.042642355E0
6.220423875E0,-3.044721112E-2,9.562258609E-3,-2.036755562E0
6.230396875E0,-3.026957810E-2,1.802658290E-2,-2.036464453E0
6.240369875E0,-3.197481111E-2,1.466518268E-2,-2.030144215E0
6.250342875E0,-2.862801775E-2,1.191706769E-2,-2.027645111E0
6.260315875E0,-2.783866413E-2,1.532842778E-2,-2.024966717E0
6.270288875E0,-2.205933817E-2,1.333558373E-2,-2.021807909E0
6.280261875E0,-1.836695336E-2,1.476022229E-2,-2.016273260E0
6.290234875E0,-1.757279783E-2,1.296232268E-2,-2.014217854E0
6.300207875E0,-1.733355224E-2,1.401989907E-2,-2.009502172E0
6.310180875E0,-2.076982707E-2,1.780664735E-2,-2.008143902E0
6.320154875E0,-2.797776461E-2,1.120018307E-2,-2.004328489E0
6.330127875E0,-3.512089700E-2,1.499119308E-2,-2.002049685E0
6.340100875E0,-4.317642376E-2,1.100097876E-2,-2.001279354E0
6.350073875E0,-4.581854865E-2,8.724776097E-3,-1.998137474E0
6.360046875E0,-4.340419546E-2,1.174288895E-2,-1.998306990E0
6.370019875E0,-3.727572784E-2,9.394248016E-3,-1.996322989E0
6.379992875E0,-2.575532719E-2,9.756281041E-3,-1.993054986E0
6.389965875E0,-1.266455837E-2,1.410495769E-2,-1.991242766E0
6.399938875E0,-6.626373623E-3,1.481841784E-2,-1.989318848E0
6.409911875E0,-7.577654906E-3,1.521975640E-2,-1.986000061E0
6.419884875E0,-1.695820875E-2,2.514890209E-2,-1.986298323E0
6.429857875E0,-2.538951114E-2,1.378679182E-2,-1.985888243E0
6.439830875E0,-3.547092155E-2,9.814121760E-3,-1.988625288E0
6.449803875E0,-4.250539467E-2,1.589252055E-2,-1.989266276E0
6.459776875E0,-4.593225569E-2,8.155007847E-3,-1.992683411E0
6.469749875E0,-3.868766129E-2,1.057635527E-2,-1.991233826E0
6.479722875E0,-3.110466152E-2,9.254475124E-3,-1.991117358E0
6.489695875E0,-2.408536896E-2,4.694078118E-3,-1.988793135E0
6.499669708E0,-2.477566712E-2,1.300538797E-2,-1.987226605E0
6.509643708E0,-2.718183398E-2,1.400726940E-2,-1.979754806E0
6.519616708E0,-3.215555102E-2,1.073451061E-2,-1.974981308E0
6.529589708E0,-3.425145894E-2,1.756259054E-2,-1.971736789E0
6.539562708E0,-3.365082294E-2,1.821909472E-2,-1.966839552E0
6.549535708E0,-2.924728580E-2,1.831523329E-2,-1.964047194E0
6.559508708E0,-2.824966982E-2,1.239495166E-2,-1.962492585E0
6.569481708E0,-2.394040860E-2,1.541470923E-2,-1.961970568E0
6.579454708E0,-2.678572573E-2,1.095771883E-2,-1.959158778E0
6.589427708E0,-2.484721132E-2,7.971250452E-3,-1.953555703E0
6.599400708E0,-2.893596143E-2,1.543403417E-2,-1.950401545E0
6.609373708E0,-2.853089198E-2,1.121132635E-2,-1.942364097E0
6.619346708E0,-2.832699195E-2,1.574578136E-2,-1.943029284E0
6.629319708E0,-2.751712501E-2,2.270355448E-2,-1.938244939E0
6.639292708E0,-3.017176501E-2,1.142213959E-2,-1.936677933E0
6.649265708E0,-2.852406725E-2,1.588160172E-2,-1.933986187E0
6.659238708E0,-3.118235990E-2,1.497704443E-2,-1.934593558E0
6.669211708E0,-3.141485527E-2,1.035299804E-2,-1.932496071E0
6.679184708E0,-3.051858023E-2,1.085796207E-2,-1.930846691E0
6.689157708E0,-2.702158317E-2,1.376240514E-2,-1.929798245E0
6.699131708E0,-2.187120914E-2,1.306560729E-2,-1.925838470E0
6.709104708E0,-2.165229805E-2,1.369438041E-2,-1.926665187E0
6.719077708E0,-2.225382254E-2,1.778347418E-2,-1.922010422E0
6.729050708E0,-2.915380523E-2,1.257726178E-2,-1.923870087E0
6.739023708E0,-3.570384905E-2,1.799998991E-2,-1.920990705E0
6.748996708E0,-3.977502510E-2,1.328592747E-2,-1.923642635E0
6.758969708E0,-3.404852748E-2,1.596682146E-2,-1.921702981E0
6.768942708E0,-3.012009896E-2,1.950776204E-2,-1.924054742E0
6.778915708E0,-2.749839239E-2,1.468526945E-2,-1.925639987E0
6.788888708E0,-2.785791829E-2,2.647721395E-2,-1.929889917E0
6.798861708E0,-3.452390060E-2,1.085256319E-2,-1.930245757E0
6.808834708E0,-3.188976645E-2,9.827512316E-3,-1.938685656E0
6.818807708E0,-3.259053081E-2,2.268643305E-2,-1.945008039E0
6.828780708E0,-2.970872447E-2,1.636408828E-2,-1.949241400E0
6.838753708E0,-2.528077736E-2,1.340349019E-2,-1.953715324E0
6.848726708E0,-2.287461236E-2,8.930444717E-3,-1.960680246E0
6.858699708E0,-2.068043686E-2,1.774277166E-2,-1.964130402E0
6.868672708E0,-2.144503035E-2,2.874242514E-2,-1.967761397E0
6.878645708E0,-2.301016264E-2,1.164295059E-2,-1.974753737E0
6.888618708E0,-3.447081149E-2,1.638550684E-2,-1.982823610E0
6.898592708E0,-3.930791840E-2,1.995745674E-2,-1.989423871E0
6.908565708E0,-4.279585928E-2,1.129099820E-2,-1.996579766E0
6.918538708E0,-4.495141283E-2,1.090419013E-2,-2.007465124E0
6.928511708E0,-3.551530093E-2,1.869180426E-2,-2.011123657E0
6.938484708E0,-2.893258817E-2,1.515124645E-2,-2.016259432E0
6.948457708E0,-2.185843326E-2,9.036893956E-3,-2.022655487E0
6.958430708E0,-2.364496142E-2,2.177026309E-2,-2.027492046E0
6.968403708E0,-2.871135995E-2,1.967009529E-2,-2.032197475E0
6.978376708E0,-3.104979731E-2,1.289748680E-2,-2.038411617E0
6.988349708E0,-3.011982143E-2,2.135968208E-2,-2.043847799E0
6.998322708E0,-2.975204214E-2,2.363580838E-2,-2.048627853E0
7.008295708E0,-2.666410804E-2,1.474910881E-2,-2.056513071E0
7.018268708E0,-2.812033892E-2,1.282893587E-2,-2.066478014E0
7.028241708E0,-3.200455755E-2,2.462035045E-2,-2.070635080E0
7.038214708E0,-3.706926480E-2,1.209873427E-2,-2.079938173E0
7.048187708E0,-3.654169291E-2,8.583628573E-3,-2.088238239E0
7.058160708E0,-3.429956734E-2,2.131155506E-2,-2.096966505E0
7.068133708E0,-3.250166774E-2,1.085998025E-2,-2.100334167E0
7.078106708E0,-2.623667754E-2,1.383469719E-2,-2.109376907E0
7.088080708E0,-2.341905236E-2,1.612554863E-2,-2.114725351E0
7.098053708E0,-2.737267874E-2,1.253126282E-2,-2.120636463E0
7.108026708E0,-3.066221625E-2,1.392409671E-2,-2.120362043E0
7.117999708E0,-3.176219389E-2,1.338937413E-2,-2.127527475E0
7.127972708E0,-3.242532164E-2,2.055700496E-2,-2.133003712E0
7.137945708E0,-3.015034087E-2,1.667171344E-2,-2.137385607E0
7.147918708E0,-2.818892337E-2,1.188388187E-2,-2.144148827E0
7.157891708E0,-2.222752012E-2,1.693342254E-2,-2.146730185E0
7.167864708E0,-1.994412765E-2,1.600744203E-2,-2.154839754E0
7.177837708E0,-2.222577855E-2,1.293892227E-2,-2.157473803E0
7.187810708E0,-2.678431012E-2,1.308752596E-2,-2.167343140E0
7.197783708E0,-3.362854570E-2,1.553405914E-2,-2.173294544E0
7.207756708E0,-3.729918227E-2,1.094037388E-2,-2.175345659E0
7.217729708E0,-3.836693987E-2,8.096879348E-3,-2.181468248E0
7.227702708E0,-3.768516704E-2,1.235580631E-2,-2.185044527E0
7.237675708E0,-3.603223711E-2,1.724594273E-2,-2.186937809E0
7.247648708E0,-3.108648024E-2,9.224766865E-3,-2.189216375E0
7.257621708E0,-3.212696314E-2,1.585473865E-2,-2.192769051E0
7.267594708E0,-3.261778504E-2,1.722573489E-2,-2.193162680E0
7.277568708E0,-3.451804072E-2,1.798763126E-2,-2.196753740E0
7.287541708E0,-3.391297162E-2,1.649892330E-2,-2.198636055E0
7.297514708E0,-3.309731558E-2,1.943847537E-2,-2.203782558E0
7.307487708E0,-3.157052770E-2,9.591701441E-3,-2.205456972E0
7.317460708E0,-3.412841260E-2,1.291905995E-2,-2.207002878E0
7.327433708E0,-3.847309202E-2,1.303277630E-2,-2.210703850E0
7.337406708E0,-3.831952438E-2,1.392409950E-2,-2.212769985E0
7.347379708E0,-3.604971245E-2,9.507779032E-3,-2.215607882E0
7.357352708E0,-3.210949898E-2,1.072508190E-2,-2.213711739E0
7.367325708E0,-2.682258934E-2,2.206908166E-2,-2.213593483E0
7.377298708E0,-2.613820508E-2,1.479612663E-2,-2.211806059E0
7.387271708E0,-2.274027839E-2,1.072228886E-2,-2.215230703E0
7.397244708E0,-2.521998435E-2,1.829903200E-2,-2.216788769E0
7.407217708E0,-2.862563357E-2,1.372132543E-2,-2.218662977E0
7.417190708E0,-3.129642829E-2,1.422169618E-2,-2.215770483E0
7.427163708E0,-3.139469773E-2,1.402302459E-2,-2.219293833E0
7.437136708E0,-3.209741041E-2,1.067173667E-2,-2.222335339E0
7.447109708E0,-2.906407230E-2,1.683801971E-2,-2.222131729E0
7.457083708E0,-3.601090610E-2,1.491593290E-2,-2.222589970E0
7.467056708E0,-4.316681996E-2,1.154330466E-2,-2.220970869E0
7.477029708E0,-4.309529811E-2,1.218757220E-2,-2.222341776E0
7.487002708E0,-4.297731817E-2,1.749631763E-2,-2.219867229E0
7.496975625E0,-3.933250159E-2,1.768490300E-2,-2.219876051E0
7.506948625E0,-3.621686995E-2,1.755813509E-2,-2.220295906E0
7.516921625E0,-2.931299619E-2,1.638288796E-2,-2.221157074E0
7.526894625E0,-2.209636196E-2,2.083303034E-2,-2.223914623E0
7.536867625E0,-1.934219897E-2,1.609320939E-2,-2.224635601E0
7.546840625E0,-2.545947954E-2,1.063293125E-2,-2.228791237E0
7.556813625E0,-2.881754749E-2,1.133984793E-2,-2.229280949E0
7.566786625E0,-3.339072689E-2,1.436599623E-2,-2.229525566E0
7.576759625E0,-3.171453625E-2,9.959455580E-3,-2.228095770E0
7.586732625E0,-3.310071304E-2,1.712522283E-2,-2.226813793E0
7.596705625E0,-3.698227555E-2,1.550054550E-2,-2.227082253E0
7.606678625E0,-3.925049305E-2,1.404832304E-2,-2.229321241E0
7.616651625E0,-4.261867702E-2,1.289616153E-2,-2.228531837E0
7.626624625E0,-4.356356338E-2,1.652605087E-2,-2.227168560E0
7.636597625E0,-4.203224555E-2,1.473294385E-2,-2.225715876E0
7.646571625E0,-3.727797046E-2,1.644988358E-2,-2.227788687E0
7.656544625E0,-3.279488534E-2,1.618843526E-2,-2.227114201E0
7.666517625E0,-2.862304077E-2,1.606859267E-2,-2.226945877E0
7.676490625E0,-2.537584119E-2,1.419334207E-2,-2.224540472E0
7.686463625E0,-2.696468309E-2,1.592146605E-2,-2.226789474E0
7.696436625E0,-2.580560744E-2,1.512043364E-2,-2.222460032E0
7.706409625E0,-2.831110917E-2,1.570473239E-2,-2.226793766E0
7.716382625E0,-2.599395998E-2,1.885706931E-2,-2.223315477E0
7.726355625E0,-2.559155785E-2,1.451292168E-2,-2.226893902E0
7.736328625E0,-3.393605724E-2,1.537195034E-2,-2.224692583E0
7.746301625E0,-3.319223598E-2,1.677996293E-2,-2.229246140E0
7.756274625E0,-3.562802076E-2,1.133192237E-2,-2.229185820E0
7.766247625E0,-4.093649611E-2,9.696739726E-3,-2.228824615E0
7.776220625E0,-3.931121901E-2,1.406468544E-2,-2.228103399E0
7.786193625E0,-3.611089662E-2,2.045547217E-2,-2.222800016E0
7.796166625E0,-2.916758135E-2,1.481443644E-2,-2.223178864E0
7.806139625E0,-2.659123950E-2,2.022065409E-2,-2.226330757E0
7.816112625E0,-2.850718424E-2,1.625523716E-2,-2.227645874E0
7.826085625E0,-3.341991454E-2,1.520834770E-2,-2.229053736E0
7.836059625E0,-3.740303591E-2,1.443839166E-2,-2.227320433E0
7.846032625E0,-3.732021153E-2,1.615479961E-2,-2.228833914E0
7.856005625E0,-3.460184112E-2,1.620566845E-2,-2.230417252E0
7.865978625E0,-3.043159842E-2,1.643736288E-2,-2.230395317E0
7.875951625E0,-3.007164039E-2,1.033294760E-2,-2.230405331E0
7.885924625E0,-3.179177642E-2,1.884520985E-2,-2.228024244E0
7.895897625E0,-2.825074270E-2,1.653548516E-2,-2.228092909E0
7.905870625E0,-3.118341602E-2,1.094071567E-2,-2.223373175E0
7.915843625E0,-3.441668302E-2,2.008540556E-2,-2.224707603E0
7.925816625E0,-3.538420796E-2,2.630841732E-2,-2.220639944E0
7.935789625E0,-3.359900042E-2,1.159467828E-2,-2.220110178E0
7.945762625E0,-3.511380777E-2,1.617531478E-2,-2.220435619E0
7.955735625E0,-3.079954535E-2,2.111192979E-2,-2.219833374E0
7.965708625E0,-3.380066156E-2,6.104751490E-3,-2.219195604E0
7.975681625E0,-3.774721175E-2,1.200282015E-2,-2.214488983E0
7.985654625E0,-3.841779754E-2,1.944262721E-2,-2.211867094E0
7.995627625E0,-3.363455459E-2,1.777399331E-2,-2.210670471E0
8.005600625E0,-2.625733241E-2,1.283063460E-2,-2.207442284E0
8.015574625E0,-2.327568829E-2,2.290131524E-2,-2.204790354E0
8.025547625E0,-2.224690840E-2,1.753131673E-2,-2.201093912E0
8.035520625E0,-2.249626815E-2,1.386905182E-2,-2.197249651E0
8.045493625E0,-2.933393419E-2,1.651037484E-2,-2.195364237E0
8.055466625E0,-3.478444368E-2,1.623838581E-2,-2.191982508E0
8.065439625E0,-4.139361158E-2,1.552972011E-2,-2.186943293E0
8.075412625E0,-4.044561833E-2,2.258972451E-2,-2.182070971E0
8.085385625E0,-3.663996235E-2,1.595019922E-2,-2.179500818E0
8.095358625E0,-3.575825691E-2,1.442902815E-2,-2.178878546E0
8.105331625E0,-3.229108453E-2,2.677996829E-2,-2.175375700E0
8.115304625E0,-2.624974772E-2,1.344329491E-2,-2.169003248E0
8.125277625E0,-2.497649007E-2,1.809823327E-2,-2.166716814E0
8.135250625E0,-3.005671501E-2,2.782854065E-2,-2.162869453E0
8.145223625E0,-3.410605341E-2,2.289556712E-2,-2.160923719E0
8.155196625E0,-3.648158163E-2,1.045430358E-2,-2.158568144E0
8.165169625E0,-3.919268027E-2,2.437491342E-2,-2.154595375E0
8.175142625E0,-3.295849264E-2,2.027163282E-2,-2.152980804E0
8.185115625E0,-3.314411640E-2,1.049703080E-2,-2.152147293E0
8.195088625E0,-2.713256516E-2,2.592438087E-2,-2.150673389E0
8.205062625E0,-2.758876421E-2,1.268154848E-2,-2.147517920E0
8.215035625E0,-2.901276015E-2,1.725944690E-2,-2.147798538E0
8.225008625E0,-3.259684145E-2,2.004804276E-2,-2.143829346E0
8.234981625E0,-3.512959182E-2,1.272560284E-2,-2.140618086E0
8.244954625E0,-3.249173239E-2,2.131323144E-2,-2.138318539E0
8.254927625E0,-2.879215218E-2,2.059197053E-2,-2.136848927E0
8.264900625E0,-2.955354936E-2,2.227801830E-2,-2.138494730E0
8.274873625E0,-2.677427232E-2,2.409996092E-2,-2.135693073E0
8.284846625E0,-2.561020479E-2,1.816989854E-2,-2.136320114E0
8.294819625E0,-2.613786235E-2,1.995433122E-2,-2.138698339E0
8.304792625E0,-3.006895445E-2,1.838599518E-2,-2.141637325E0
8.314765625E0,-3.169195354E-2,1.636301354E-2,-2.138982058E0
8.324738625E0,-3.664676473E-2,1.334964577E-2,-2.140912771E0
8.334711625E0,-3.782434389E-2,1.434126217E-2,-2.137663603E0
8.344684625E0,-3.494253755E-2,1.195853110E-2,-2.137132645E0
8.354657625E0,-3.720826656E-2,2.028079703E-2,-2.135896444E0
8.364630625E0,-3.587881848E-2,1.913217455E-2,-2.134505510E0
8.374603625E0,-3.876144812E-2,1.526181120E-2,-2.132225752E0
8.384577625E0,-3.503834829E-2,1.982753351E-2,-2.133042574E0
8.394550625E0,-3.507962823E-2,1.927386224E-2,-2.134221315E0
8.404523625E0,-2.546188608E-2,2.196898311E-2,-2.138624191E0
8.414496625E0,-2.254898660E-2,1.759743318E-2,-2.140695572E0
8.424469625E0,-1.551877521E-2,1.725548506E-2,-2.141546726E0
8.434442625E0,-1.432105713E-2,1.744620129E-2,-2.148331404E0
8.444415625E0,-1.909077913E-2,1.816419140E-2,-2.152011156E0
8.454388625E0,-2.241956443E-2,1.192661654E-2,-2.156409740E0
8.464361625E0,-3.260589018E-2,1.507846732E-2,-2.156729698E0
8.474334625E0,-3.732481971E-2,2.028269693E-2,-2.163831472E0
8.484307625E0,-3.943537176E-2,1.106283162E-2,-2.167544842E0
8.494280625E0,-4.150388017E-2,2.049275488E-2,-2.173779964E0
8.504253333E0,-3.805162385E-2,1.666446030E-2,-2.180803776E0
8.514226333E0,-3.367809206E-2,8.784053847E-3,-2.187468290E0
8.524199333E0,-3.168844432E-2,1.205255091E-2,-2.188974380E0
8.534172333E0,-2.858240157E-2,9.331865236E-3,-2.193881989E0
8.544145333E0,-2.857308090E-2,1.180674136E-2,-2.192949295E0
8.554118333E0,-2.484046668E-2,1.436778158E-2,-2.193994999E0
8.564091333E0,-2.428439818E-2,1.795772277E-2,-2.191536427E0
8.574065333E0,-2.541233413E-2,1.863721013E-2,-2.189236403E0
8.584038333E0,-3.068272956E-2,2.511242032E-2,-2.190510750E0
8.594011333E0,-3.417396545E-2,1.817937568E-2,-2.193830490E0
8.603984333E0,-3.641847521E-2,1.337929536E-2,-2.197098494E0
8.613957333E0,-4.043636471E-2,1.836038753E-2,-2.199816942E0
8.623930333E0,-3.670953587E-2,9.005767293E-3,-2.198538303E0
8.633903333E0,-3.174081445E-2,1.004695892E-2,-2.200621367E0
8.643876333E0,-2.902945131E-2,1.389735751E-2,-2.200031281E0
8.653849333E0,-2.657026984E-2,1.471212599E-2,-2.198394299E0
8.663822333E0,-2.538489550E-2,2.113300934E-2,-2.196970940E0
8.673795333E0,-2.752767876E-2,1.983837038E-2,-2.198745728E0
8.683768333E0,-2.963929996E-2,1.553044096E-2,-2.199141502E0
8.693741333E0,-3.425350040E-2,2.101693489E-2,-2.201131582E0
8.703714333E0,-3.367426246E-2,1.516889967E-2,-2.205211878E0
8.713687333E0,-3.318050876E-2,8.747029118E-3,-2.207137108E0
8.723660333E0,-3.304814920E-2,1.379744802E-2,-2.208811998E0
8.733633333E0,-3.446983919E-2,1.520968694E-2,-2.210345984E0
8.743606333E0,-3.125833347E-2,7.948844694E-3,-2.209496260E0
8.753580333E0,-2.778389491E-2,1.219072938E-2,-2.211308479E0
8.763553333E0,-2.587680519E-2,1.840255223E-2,-2.213449001E0
8.773526333E0,-2.741511539E-2,1.456009876E-2,-2.216352701E0
8.783499333E0,-2.570509911E-2,1.286100131E-2,-2.216462851E0
8.793472333E0,-2.802176028E-2,1.330673043E-2,-2.221565485E0
8.803445333E0,-3.344741836E-2,1.390487608E-2,-2.219656467E0
8.813418333E0,-4.177170619E-2,1.062030345E-2,-2.223711252E0
8.823391333E0,-4.670521244E-2,9.357698262E-3,-2.223743200E0
8.833364333E0,-4.250848666E-2,1.320245396E-2,-2.222043514E0
8.843337333E0,-3.898778558E-2,1.280963887E-2,-2.224819660E0
8.853310333E0,-3.486743942E-2,1.959161088E-2,-2.220996380E0
8.863283333E0,-3.293078765E-2,1.730129123E-2,-2.219272852E0
8.873256333E0,-2.970178798E-2,1.996783726E-2,-2.219710350E0
8.883229333E0,-2.915184572E-2,1.978620887E-2,-2.223805904E0
8.893202333E0,-3.432301432E-2,1.567821391E-2,-2.224104404E0
8.903175333E0,-4.130902141E-2,1.449790038E-2,-2.226685524E0
8.913148333E0,-3.965178132E-2,1.328682899E-2,-2.230815411E0
8.923121333E0,-3.819556534E-2,8.407652378E-3,-2.230226755E0
8.933095333E0,-3.207325935E-2,1.565157995E-2,-2.234188795E0
8.943068333E0,-2.753097005E-2,1.512320805E-2,-2.232888937E0
8.953041333E0,-2.472924441E-2,1.435888372E-2,-2.235763073E0
8.963014333E0,-1.584760286E-2,1.558393799E-2,-2.235885620E0
8.972987333E0,-2.146589011E-2,1.944917440E-2,-2.240680695E0
8.982960333E0,-2.797731943E-2,1.588879153E-2,-2.245142698E0
8.992933333E0,-3.481790796E-2,1.405269187E-2,-2.253878832E0
9.002906333E0,-3.558702767E-2,1.513207052E-2,-2.253691912E0
9.012879333E0,-3.533633426E-2,1.172318496E-2,-2.259140968E0
9.022852333E0,-3.253415599E-2,1.325556822E-2,-2.267531395E0
9.032825333E0,-2.721857838E-2,1.453951839E-2,-2.270453930E0
9.042798333E0,-2.480735071E-2,1.067660283E-2,-2.278018713E0
9.052771333E0,-2.582386509E-2,1.506605651E-2,-2.278935671E0
9.062744333E0,-2.893283963E-2,1.827276871E-2,-2.284243822E0
9.072717333E0,-3.418870270E-2,1.007594913E-2,-2.288812399E0
9.082690333E0,-3.529897332E-2,1.792455092E-2,-2.296006441E0
9.092663333E0,-3.571052104E-2,1.320999674E-2,-2.300994396E0
9.102636333E0,-2.794075012E-2,1.955258101E-2,-2.303860188E0
9.112609333E0,-3.084214963E-2,1.528926846E-2,-2.307097673E0
9.122583333E0,-3.124162555E-2,1.631511748E-2,-2.315001488E0
9.132556333E0,-3.870906308E-2,1.429827698E-2,-2.319225550E0
9.142529333E0,-4.282338172E-2,1.177999191E-2,-2.325434685E0
9.152502333E0,-4.193964973E-2,1.621312648E-2,-2.331099272E0
9.162475333E0,-3.366387635E-2,1.689249836E-2,-2.338778734E0
9.172448333E0,-2.984251082E-2,1.665380597E-2,-2.344194412E0
9.182421333E0,-2.035393380E-2,2.055427060E-2,-2.348566294E0
9.192394333E0,-2.068893611E-2,1.101447549E-2,-2.354063511E0
9.202367333E0,-2.868428081E-2,1.722336933E-2,-2.359219790E0
9.212340333E0,-4.028884694E-2,1.568692550E-2,-2.363631725E0
9.222313333E0,-5.077584088E-2,7.387449034E-3,-2.367743969E0
9.232286333E0,-5.402748659E-2,1.204684284E-2,-2.374604940E0
9.242259333E0,-4.651284590E-2,1.513850782E-2,-2.374660492E0
9.252232333E0,-3.707689792E-2,1.491019316E-2,-2.377289057E0
9.262205333E0,-2.684556320E-2,1.345956884E-2,-2.379757166E0
9.272178333E0,-1.673511975E-2,2.252427861E-2,-2.383347988E0
9.282151333E0,-1.565547474E-2,2.458076924E-2,-2.385317564E0
9.292124333E0,-2.219480462E-2,1.468435954E-2,-2.392669916E0
9.302097333E0,-2.921516448E-2,1.651927829E-2,-2.400638342E0
9.312071333E0,-3.294676542E-2,1.437108871E-2,-2.406792164E0
9.322044333E0,-3.813619912E-2,1.073747221E-2,-2.415195942E0
9.332017333E0,-3.740181774E-2,8.359317668E-3,-2.423991203E0
9.341990333E0,-3.364596143E-2,2.053928375E-2,-2.427164316E0
9.351963333E0,-2.135989815E-2,6.983715110E-3,-2.435945272E0
9.361936333E0,-2.598900348E-2,1.346291881E-2,-2.443830013E0
9.371909333E0,-2.877973020E-2,2.477069944E-2,-2.450616598E0
9.381882333E0,-3.846085444E-2,6.946595386E-4,-2.460859537E0
9.391855333E0,-4.534459487E-2,2.048373595E-2,-2.466666460E0
9.401828333E0,-4.494725168E-2,1.377230324E-2,-2.477037430E0
9.411801333E0,-4.065876454E-2,1.391744614E-2,-2.485594511E0
9.421774333E0,-3.066738322E-2,1.341330819E-2,-2.496248484E0
9.431747333E0,-2.430616319E-2,1.632639207E-2,-2.505857468E0
9.441720333E0,-1.893243752E-2,3.005605377E-2,-2.513148785E0
9.451693333E0,-2.380371839E-2,1.730160415E-2,-2.527102947E0
9.461666333E0,-2.985868230E-2,2.258877829E-2,-2.536792278E0
9.471639333E0,-3.771118075E-2,1.730357856E-2,-2.554827213E0
9.481612333E0,-4.700161889E-2,2.097847685E-2,-2.570491552E0
9.491586333E0,-4.664253443E-2,1.292796806E-2,-2.579627514E0
9.501559708E0,-4.198945686E-2,1.429709792E-2,-2.591969967E0
9.511532708E0,-4.370886460E-2,1.658071205E-2,-2.605327368E0
9.521505708E0,-4.232881218E-2,1.202005055E-2,-2.620818853E0
9.531478708E0,-4.322365299E-2,1.803682372E-2,-2.626301050E0
9.541451708E0,-4.178901017E-2,1.154456846E-2,-2.639243126E0
9.551424708E0,-4.083406553E-2,2.790918946E-2,-2.646613359E0
9.561397708E0,-4.011660814E-2,2.665856853E-2,-2.658617258E0
9.571370708E0,-4.259976745E-2,1.276460104E-2,-2.667763948E0
9.581343708E0,-3.973180801E-2,1.429778337E-2,-2.683084011E0
9.591316708E0,-4.010748118E-2,2.894421667E-2,-2.694195747E0
9.601289708E0,-4.062626511E-2,9.848550893E-3,-2.699928999E0
9.611262708E0,-3.664100915E-2,-5.282013677E-3,-2.710809231E0
9.621235708E0,-3.384149447E-2,2.178502455E-2,-2.714474440E0
9.631208708E0,-3.385525942E-2,1.470428985E-2,-2.716918230E0
9.641181708E0,-3.718633950E-2,6.847698241E-3,-2.721192360E0
9.651154708E0,-3.970562294E-2,1.537438575E-2,-2.717811584E0
9.661127708E0,-3.621874377E-2,1.465133671E-2,-2.721036911E0
9.671101708E0,-3.271979839E-2,2.843966708E-2,-2.719161510E0
9.681074708E0,-3.473501280E-2,2.354690805E-2,-2.719083071E0
9.691047708E0,-3.839825466E-2,2.499949932E-2,-2.719629765E0
9.701020708E0,-4.104596749E-2,2.132566646E-2,-2.724709272E0
9.710993708E0,-4.937928170E-2,2.408413589E-2,-2.728922367E0
9.720966708E0,-5.954163894E-2,1.437931228E-2,-2.730659008E0
9.730939708E0,-5.502455309E-2,1.178915706E-2,-2.734330416E0
9.740912708E0,-5.327299237E-2,1.398493443E-2,-2.736680031E0
9.750885708E0,-4.273096472E-2,1.848510653E-2,-2.738708258E0
9.760858708E0,-3.202053159E-2,1.658441126E-2,-2.740612030E0
9.770831708E0,-2.493100241E-2,1.562395506E-2,-2.740687370E0
9.780804708E0,-2.249500901E-2,3.264821321E-2,-2.740167141E0
9.790777708E0,-2.600142546E-2,2.591323480E-2,-2.743736267E0
9.800750708E0,-3.425722569E-2,2.534065396E-2,-2.750030994E0
9.810723708E0,-4.530873895E-2,2.923884243E-2,-2.754426479E0
9.820696708E0,-5.984267220E-2,1.683969609E-2,-2.762023687E0
9.830669708E0,-6.876149774E-2,2.420751750E-2,-2.768360853E0
9.840642708E0,-7.168857753E-2,2.271325327E-3,-2.776005983E0
9.850616708E0,-6.400439888E-2,1.489836816E-2,-2.778789759E0
9.860589708E0,-5.768419057E-2,2.577471733E-2,-2.782322645E0
9.870562708E0,-4.124448448E-2,2.139388584E-3,-2.781052589E0
9.880535708E0,-3.052872233E-2,2.098205127E-2,-2.781599760E0
9.890508708E0,-2.288376167E-2,2.818693034E-2,-2.781623602E0
9.900481708E0,-2.473252825E-2,1.908078231E-2,-2.782136202E0
9.910454708E0,-3.350403532E-2,1.919572800E-2,-2.780744076E0
9.920427708E0,-3.688997775E-2,1.858985797E-2,-2.781652689E0
9.930400708E0,-4.114453122E-2,2.334195562E-2,-2.782636166E0
9.940373708E0,-4.255015031E-2,2.151689306E-2,-2.782955408E0
9.950346708E0,-4.201108590E-2,6.170641631E-3,-2.786837101E0
9.960319708E0,-4.016311839E-2,2.250034735E-2,-2.785433054E0
9.970292708E0,-3.541775420E-2,1.654415950E-2,-2.789194345E0
9.980265708E0,-3.613946959E-2,8.373582736E-3,-2.792639971E0
9.990238708E0,-3.682301566E-2,1.489182096E-2,-2.788724661E0
1.000021171E1,-4.333497956E-2,1.371683460E-2,-2.788783312E0
1.001018471E1,-4.875352606E-2,2.046394907E-2,-2.786828756E0
1.002015771E1,-5.095835775E-2,1.947059110E-2,-2.788265228E0
1.003013171E1,-4.743401334E-2,1.951418817E-2,-2.788004160E0
1.004010471E1,-3.785648569E-2,2.224526182E-2,-2.790791035E0
1.005007771E1,-2.931146882E-2,1.426722948E-2,-2.795108318E0
1.006005071E1,-2.442217059E-2,2.253474668E-2,-2.798252583E0
1.007002371E1,-2.597868443E-2,1.755356416E-2,-2.801340103E0
1.007999671E1,-3.006184101E-2,1.343685016E-2,-2.806213379E0
1.008996971E1,-3.899367154E-2,1.442086138E-2,-2.810184002E0
1.009994271E1,-4.675092921E-2,1.260005683E-2,-2.812907219E0
1.010991571E1,-5.609646440E-2,1.288234349E-2,-2.814129829E0
1.011988871E1,-5.671911314E-2,1.449035946E-2,-2.815669775E0
1.012986171E1,-5.688815936E-2,7.846008986E-3,-2.815434694E0
1.013983471E1,-5.329182744E-2,1.915112883E-2,-2.811308384E0
1.014980771E1,-4.530915245E-2,2.043944225E-2,-2.810283184E0
1.015978071E1,-3.946857527E-2,1.956566051E-2,-2.809345007E0
1.016975371E1,-3.692642599E-2,2.058911882E-2,-2.810225248E0
1.017972671E1,-3.697596490E-2,1.754113100E-2,-2.810271263E0
1.018969971E1,-3.698341921E-2,1.649850234E-2,-2.811171055E0
1.019967271E1,-3.900955245E-2,1.720264181E-2,-2.807787895E0
1.020964671E1,-4.533420131E-2,1.444570068E-2,-2.805922508E0
1.021961971E1,-4.521302879E-2,1.166136470E-2,-2.801863194E0
1.022959271E1,-3.899453953E-2,1.536703575E-2,-2.797893286E0
1.023956571E1,-3.651167452E-2,9.353087284E-3,-2.794389725E0
1.024953871E1,-3.533289209E-2,1.668127626E-2,-2.787990808E0
1.025951171E1,-3.533156216E-2,1.274272706E-2,-2.781299353E0
1.026948471E1,-3.973908350E-2,1.437147614E-2,-2.776360989E0
1.027945771E1,-4.644652084E-2,1.558854152E-2,-2.770828485E0
1.028943071E1,-4.597106576E-2,1.889725402E-2,-2.764931202E0
1.029940371E1,-4.055099934E-2,2.088370733E-2,-2.757093668E0
1.030937671E1,-3.599699214E-2,1.988775842E-2,-2.755601645E0
1.031934971E1,-3.414582834E-2,2.318768017E-2,-2.749778986E0
1.032932271E1,-2.909939736E-2,1.260815747E-2,-2.746778011E0
1.033929571E1,-3.307016939E-2,1.704684831E-2,-2.741231203E0
1.034926871E1,-3.662480041E-2,1.181526575E-2,-2.736479044E0
1.035924171E1,-4.547501355E-2,1.444993075E-2,-2.732256889E0
1.036921471E1,-5.319628492E-2,1.788455993E-2,-2.727620840E0
1.037918771E1,-4.984283075E-2,2.253603563E-2,-2.719328165E0
1.038916171E1,-5.045095459E-2,2.489309758E-2,-2.716527224E0
1.039913471E1,-4.708605260E-2,1.809031889E-2,-2.709732294E0
1.040910771E1,-4.010359943E-2,1.934231073E-2,-2.706362963E0
1.041908071E1,-4.271642491E-2,1.762457192E-2,-2.704427004E0
1.042905371E1,-4.115552455E-2,1.291050017E-2,-2.701867580E0
1.043902671E1,-3.584997356E-2,1.512411982E-2,-2.697566032E0
1.044899971E1,-3.523558378E-2,1.584130898E-2,-2.692979813E0
1.045897271E1,-3.224911541E-2,1.661495678E-2,-2.685994387E0
1.046894571E1,-3.354573250E-2,1.311808079E-2,-2.683005571E0
1.047891871E1,-3.677535057E-2,1.517004706E-2,-2.676278830E0
1.048889171E1,-3.537734970E-2,1.729524508E-2,-2.673094511E0
1.049886387E1,-3.621784598E-2,1.840178668E-2,-2.668520212E0
1.050883687E1,-4.017940909E-2,1.569765992E-2,-2.661335945E0
1.051880988E1,-4.307400063E-2,1.165444963E-2,-2.658954859E0
1.052878287E1,-3.930807486E-2,1.808212698E-2,-2.654774427E0
1.053875587E1,-4.618568718E-2,1.313343924E-2,-2.649970055E0
1.054872887E1,-4.703729600E-2,1.755193621E-2,-2.641731262E0
1.055870287E1,-4.697551206E-2,1.363469381E-2,-2.637439966E0
1.056867587E1,-4.381735250E-2,2.398392558E-2,-2.632234812E0
1.057864888E1,-4.314756766E-2,1.548764110E-2,-2.626641035E0
1.058862187E1,-3.520550206E-2,1.776780747E-2,-2.621555090E0
1.059859487E1,-3.173993155E-2,1.978888176E-2,-2.614355803E0
1.060856787E1,-2.913064323E-2,1.323464699E-2,-2.611394167E0
1.061854087E1,-2.600196190E-2,2.588599175E-2,-2.606179714E0
1.062851387E1,-3.097239137E-2,1.540755667E-2,-2.602594137E0
1.063848687E1,-3.360332921E-2,1.743155904E-2,-2.597163916E0
1.064845987E1,-3.585584834E-2,1.755928248E-2,-2.588424206E0
1.065843287E1,-3.959439322E-2,2.357642725E-2,-2.583511591E0
1.066840587E1,-4.407504201E-2,1.640189812E-2,-2.574726105E0
1.067837887E1,-4.341244698E-2,1.312834118E-2,-2.564700842E0
1.068835187E1,-4.045493156E-2,2.782245353E-2,-2.559648275E0
1.069832487E1,-4.280730337E-2,2.215205133E-2,-2.554670572E0
1.070829788E1,-4.214933142E-2,1.700785384E-2,-2.545017481E0
1.071827087E1,-3.749731928E-2,2.240235358E-2,-2.537471771E0
1.072824387E1,-3.664662689E-2,2.501518093E-2,-2.533408165E0
1.073821687E1,-3.645567968E-2,1.543765515E-2,-2.522187948E0
1.074818987E1,-3.755002469E-2,2.109473012E-2,-2.517431259E0
1.075816387E1,-3.446848318E-2,2.289928868E-2,-2.509967566E0
1.076813688E1,-3.293433785E-2,1.737703755E-2,-2.502023697E0
1.077810987E1,-3.314978629E-2,2.334757894E-2,-2.495253801E0
1.078808287E1,-3.633663058E-2,2.239824459E-2,-2.485146761E0
1.079805587E1,-3.953189030E-2,1.531583350E-2,-2.479059219E0
1.080802887E1,-3.825978562E-2,1.672609150E-2,-2.474862576E0
1.081800187E1,-3.915007785E-2,2.257519215E-2,-2.467789650E0
1.082797487E1,-4.180978984E-2,2.027159929E-2,-2.456488848E0
1.083794787E1,-3.643180057E-2,1.643797755E-2,-2.448337317E0
1.084792087E1,-3.699761629E-2,2.666397765E-2,-2.441349030E0
1.085789387E1,-3.681572527E-2,1.557004731E-2,-2.434981108E0
1.086786687E1,-3.861737251E-2,2.512163296E-2,-2.426902533E0
1.087783987E1,-3.958276659E-2,2.025444061E-2,-2.418885469E0
1.088781287E1,-3.666527197E-2,1.701443642E-2,-2.415618420E0
1.089778587E1,-3.458001837E-2,2.784977481E-2,-2.410642624E0
1.090775887E1,-3.260768577E-2,1.332341414E-2,-2.403138638E0
1.091773187E1,-3.530333936E-2,1.545314398E-2,-2.395791769E0
1.092770587E1,-3.174576536E-2,1.877607219E-2,-2.387207747E0
1.093767887E1,-3.154336661E-2,1.198874041E-2,-2.384105921E0
1.094765187E1,-3.431184217E-2,1.785938442E-2,-2.374033689E0
1.095762488E1,-3.462156653E-2,1.961440593E-2,-2.367257357E0
1.096759787E1,-3.572285920E-2,1.342297252E-2,-2.361965895E0
1.097757087E1,-3.274304420E-2,2.236773074E-2,-2.355105639E0
1.098754387E1,-3.046746738E-2,1.593277231E-2,-2.349252224E0
1.099751687E1,-2.738379315E-2,1.751628891E-2,-2.343663216E0
1.100748987E1,-2.759781107E-2,2.002722770E-2,-2.337085009E0
1.101746287E1,-3.191586211E-2,1.811747625E-2,-2.333976746E0
1.102743587E1,-3.530690074E-2,1.383668557E-2,-2.327086926E0
1.103740887E1,-3.451061621E-2,1.430939697E-2,-2.325372934E0
1.104738187E1,-3.543931991E-2,1.464992762E-2,-2.320669413E0
1.105735487E1,-3.804842010E-2,9.422941133E-3,-2.317434788E0
1.106732787E1,-3.623260558E-2,1.032028068E-2,-2.312003136E0
1.107730087E1,-3.489516675E-2,1.949194074E-2,-2.302317142E0
1.108727387E1,-3.537292033E-2,1.068390999E-2,-2.293413401E0
1.109724687E1,-3.140081465E-2,1.308155525E-2,-2.289348364E0
1.110721987E1,-3.261493519E-2,1.782654226E-2,-2.281394243E0
1.111719387E1,-3.336488083E-2,1.612824202E-2,-2.274798632E0
1.112716687E1,-3.363467008E-2,1.628240943E-2,-2.270628929E0
1.113713987E1,-3.033421747E-2,1.387704071E-2,-2.265694618E0
1.114711288E1,-3.123949468E-2,1.755987853E-2,-2.256184578E0
1.115708587E1,-3.228318691E-2,1.439497899E-2,-2.252113819E0
1.116705887E1,-3.207910806E-2,1.468819659E-2,-2.243553638E0
1.117703187E1,-3.285302594E-2,1.631645486E-2,-2.237893343E0
1.118700487E1,-3.487890214E-2,8.562703617E-3,-2.233152628E0
1.119697787E1,-3.439207375E-2,1.238647010E-2,-2.224783897E0
1.120695087E1,-3.632208705E-2,1.207709312E-2,-2.216414452E0
1.121692387E1,-3.853570670E-2,1.171596721E-2,-2.207837105E0
1.122689687E1,-3.900129721E-2,1.219110563E-2,-2.197192669E0
1.123686987E1,-3.620870411E-2,1.391310617E-2,-2.187998772E0
1.124684287E1,-3.205878288E-2,1.099454425E-2,-2.181212187E0
1.125681587E1,-2.866804600E-2,1.809666306E-2,-2.170080423E0
1.126678887E1,-2.932904288E-2,1.404652745E-2,-2.163035154E0
1.127676187E1,-2.837003767E-2,1.087869704E-2,-2.153121948E0
1.128673587E1,-2.631994337E-2,1.235127635E-2,-2.143893480E0
1.129670887E1,-2.757988498E-2,1.201704890E-2,-2.133122683E0
1.130668187E1,-3.033644333E-2,1.027827524E-2,-2.122887373E0
1.131665487E1,-3.224539757E-2,1.260907389E-2,-2.113264322E0
1.132662787E1,-3.393759206E-2,1.181199681E-2,-2.103382349E0
1.133660087E1,-3.462895006E-2,1.398247387E-2,-2.093719244E0
1.134657387E1,-3.322775289E-2,1.167677902E-2,-2.083201885E0
1.135654687E1,-3.095261380E-2,1.306828111E-2,-2.073261976E0
1.136651987E1,-3.378808871E-2,1.060044486E-2,-2.060631990E0
1.137649287E1,-3.937486932E-2,1.247424539E-2,-2.051953316E0
1.138646587E1,-3.855077177E-2,1.432688441E-2,-2.042462111E0
1.139643888E1,-3.917528316E-2,1.203523483E-2,-2.031245470E0
1.140641187E1,-3.276364878E-2,1.064099744E-2,-2.021848440E0
1.141638487E1,-3.000141680E-2,1.650208235E-2,-2.012315989E0
1.142635787E1,-2.573695779E-2,1.133405510E-2,-1.999668598E0
1.143633087E1,-2.270601690E-2,1.247735042E-2,-1.991567135E0
1.144630387E1,-2.245383523E-2,1.387932431E-2,-1.982504129E0
1.145627687E1,-2.109296061E-2,1.515710820E-2,-1.973128676E0
1.146625087E1,-2.535330690E-2,1.088844147E-2,-1.965484023E0
1.147622387E1,-2.736425959E-2,9.891887195E-3,-1.956615448E0
1.148619687E1,-3.056645766E-2,1.523868088E-2,-1.945404172E0
1.149616987E1,-3.398302943E-2,9.701170959E-3,-1.936639190E0
1.150614300E1,-3.401171416E-2,1.165159792E-2,-1.928393126E0
1.151611600E1,-3.270223737E-2,1.244468801E-2,-1.920795441E0
1.152608900E1,-3.153955191E-2,9.322726168E-3,-1.911748290E0
1.153606200E1,-2.970676497E-2,1.140558440E-2,-1.900413036E0
1.154603500E1,-2.957530692E-2,1.448774152E-2,-1.889048576E0
1.155600800E1,-2.670894749E-2,1.412555203E-2,-1.880313516E0
1.156598100E1,-2.642976493E-2,7.593960501E-3,-1.873256803E0
1.157595400E1,-2.685294114E-2,1.434800308E-2,-1.862186313E0
1.158592700E1,-2.790567651E-2,1.379801985E-2,-1.852693200E0
1.159590000E1,-2.582734637E-2,1.145390514E-2,-1.842680454E0
1.160587300E1,-2.653434128E-2,1.267162059E-2,-1.836641788E0
1.161584600E1,-2.170363441E-2,1.390280109E-2,-1.827738762E0
1.162581900E1,-2.112837695E-2,1.209880784E-2,-1.818313479E0
1.163579200E1,-2.270683274E-2,1.156910509E-2,-1.810458302E0
1.164576600E1,-2.741421014E-2,1.218055654E-2,-1.800506353E0
1.165573900E1,-3.009441495E-2,1.359389629E-2,-1.795531034E0
1.166571200E1,-3.027359769E-2,9.130688384E-3,-1.783382177E0
1.167568500E1,-3.169466183E-2,1.119224168E-2,-1.777571082E0
1.168565800E1,-2.890871465E-2,1.276631933E-2,-1.765778542E0
1.169563100E1,-2.626179904E-2,1.166350301E-2,-1.759536862E0
1.170560400E1,-2.569642663E-2,1.237995271E-2,-1.753178477E0
1.171557700E1,-2.570388466E-2,1.240658481E-2,-1.744228959E0
1.172555000E1,-2.317910269E-2,1.057968382E-2,-1.736744761E0
1.173552300E1,-2.121608704E-2,1.324257907E-2,-1.727040529E0
1.174549600E1,-2.391457930E-2,1.236397680E-2,-1.719968081E0
1.175546900E1,-2.589091100E-2,1.039030682E-2,-1.712496042E0
1.176544200E1,-2.543637156E-2,1.078226883E-2,-1.704461575E0
1.177541500E1,-2.290610224E-2,1.664628461E-2,-1.695175648E0
1.178538800E1,-2.403781936E-2,6.278048269E-3,-1.690064430E0
1.179536100E1,-2.443516254E-2,8.569697849E-3,-1.679077268E0
1.180533400E1,-2.276560850E-2,1.287597790E-2,-1.674151778E0
1.181530700E1,-2.851963416E-2,9.910548106E-3,-1.664612651E0
1.182528100E1,-2.470323630E-2,8.975290693E-3,-1.657464623E0
1.183525400E1,-2.658795565E-2,1.641190052E-2,-1.650197864E0
1.184522700E1,-2.511281148E-2,9.459692985E-3,-1.642765880E0
1.185520000E1,-2.396898530E-2,1.088581420E-2,-1.635799050E0
1.186517300E1,-2.377573401E-2,8.558676578E-3,-1.628146172E0
1.187514600E1,-2.549507096E-2,9.764823131E-3,-1.622429252E0
1.188511900E1,-2.440147847E-2,1.002650801E-2,-1.610771060E0
1.189509200E1,-2.167493477E-2,1.347423624E-2,-1.603702307E0
1.190506500E1,-2.437493578E-2,7.494374178E-3,-1.596332073E0
1.191503800E1,-2.213947847E-2,9.401197545E-3,-1.588263750E0
1.192501100E1,-2.204105631E-2,1.177098230E-2,-1.581810832E0
1.193498400E1,-2.195077576E-2,1.337021217E-2,-1.575004578E0
1.194495700E1,-2.350667119E-2,1.160446182E-2,-1.568637848E0
1.195493000E1,-2.036201023E-2,9.129321203E-3,-1.562530398E0
1.196490300E1,-2.613504604E-2,6.445329636E-3,-1.552462339E0
1.197487600E1,-2.295629680E-2,1.302679908E-2,-1.543878436E0
1.198484900E1,-2.613922767E-2,1.121926494E-2,-1.539823174E0
1.199482300E1,-2.471789718E-2,6.505737081E-3,-1.530448556E0
1.200479600E1,-2.380771749E-2,1.330436859E-2,-1.523023009E0
1.201476900E1,-2.233951539E-2,1.153895911E-2,-1.517523766E0
1.202474200E1,-2.422972023E-2,7.092308253E-3,-1.508449912E0
1.203471500E1,-2.308589220E-2,9.395143017E-3,-1.501521945E0
1.204468800E1,-2.357978933E-2,1.157682296E-2,-1.494814634E0
1.205466100E1,-1.819780841E-2,8.297671564E-3,-1.485212088E0
1.206463400E1,-2.045950294E-2,1.024244539E-2,-1.483151317E0
1.207460700E1,-2.098920569E-2,1.101582684E-2,-1.473949790E0
1.208458000E1,-1.979369298E-2,8.138998412E-3,-1.464696288E0
1.209455300E1,-2.116548643E-2,1.287063677E-2,-1.461153507E0
1.210452600E1,-2.231259644E-2,1.208431832E-2,-1.451442719E0
1.211449900E1,-2.084785886E-2,3.094817512E-3,-1.444948077E0
1.212447200E1,-2.159222029E-2,7.820447907E-3,-1.441384673E0
1.213444500E1,-1.963426359E-2,1.140159927E-2,-1.433738470E0
1.214441800E1,-2.199559286E-2,5.762659013E-3,-1.425977349E0
1.215439100E1,-2.193354070E-2,1.072812360E-2,-1.417624831E0
1.216436400E1,-2.094160579E-2,1.025678217E-2,-1.411841869E0
1.217433800E1,-2.414938249E-2,1.137557626E-2,-1.402932525E0
1.218431100E1,-2.442317083E-2,9.995759465E-3,-1.395627856E0
1.219428400E1,-2.196267620E-2,8.456452750E-3,-1.391903400E0
1.220425700E1,-2.262765728E-2,9.696910158E-3,-1.385968804E0
1.221423000E1,-2.061750181E-2,8.505946025E-3,-1.380714059E0
1.222420300E1,-1.878620684E-2,9.310479276E-3,-1.374487758E0
1.223417600E1,-1.944826916E-2,7.960257120E-3,-1.367949724E0
1.224414900E1,-1.986727491E-2,9.217841551E-3,-1.362866282E0
1.225412200E1,-1.814873703E-2,9.758196771E-3,-1.354614496E0
1.226409500E1,-1.877203956E-2,9.626533836E-3,-1.347819209E0
1.227406800E1,-2.434097417E-2,5.294369534E-3,-1.341417551E0
1.228404100E1,-2.268960513E-2,1.197196823E-2,-1.337529421E0
1.229401400E1,-2.203074098E-2,1.227450278E-2,-1.330624580E0
1.230398700E1,-2.112588845E-2,6.257395260E-3,-1.325325131E0
1.231396000E1,-1.994477771E-2,8.008424193E-3,-1.316165447E0
1.232393300E1,-2.121474408E-2,1.292891707E-2,-1.314657450E0
1.233390600E1,-1.817767508E-2,1.240453962E-2,-1.305839419E0
1.234387900E1,-2.199371532E-2,8.865007199E-3,-1.300015926E0
1.235385300E1,-1.996465214E-2,1.264403295E-2,-1.294983268E0
1.236382600E1,-2.005343139E-2,1.047485322E-2,-1.287456751E0
1.237379900E1,-2.133521065E-2,9.248469025E-3,-1.285326481E0
1.238377200E1,-2.181442827E-2,6.754730828E-3,-1.278968811E0
1.239374500E1,-1.723032817E-2,8.622140624E-3,-1.273149610E0
1.240371800E1,-2.089020237E-2,1.056365296E-2,-1.269985080E0
1.241369100E1,-1.845713891E-2,4.431724548E-3,-1.263266206E0
1.242366400E1,-1.530343667E-2,1.168454345E-2,-1.258477092E0
1.243363700E1,-1.440941356E-2,1.100676972E-2,-1.251966238E0
1.244361000E1,-1.980889216E-2,7.474888116E-3,-1.246113181E0
1.245358300E1,-1.364793628E-2,2.174144238E-2,-1.233482599E0
1.246355600E1,4.922288936E-3,7.384466380E-2,-1.217261434E0
1.247352900E1,4.422122240E-2,1.106327698E-1,-1.206259370E0
1.248350200E1,8.180359751E-2,6.482008100E-2,-1.194196105E0
1.249347500E1,8.763378859E-2,-5.009867251E-3,-1.188167810E0
1.250344837E1,5.163308233E-2,2.941497602E-3,-1.174886703E0
1.251342137E1,-4.003014881E-3,1.852525026E-2,-1.169684768E0
1.252339537E1,-4.223491251E-2,-5.826921202E-3,-1.167805791E0
1.253336837E1,-5.269927159E-2,-2.307515033E-2,-1.169964075E0
1.254334137E1,-3.766492754E-2,-1.265606564E-2,-1.156102061E0
1.255331437E1,-4.792110994E-4,2.153786868E-1,-9.722110629E-1
1.256328737E1,1.871926934E-1,-4.838804901E-2,-1.036174297E0
1.257326037E1,4.336520135E-1,-1.622056961E-1,-1.007939696E0
1.258323337E1,6.242212653E-1,3.746877238E-2,-1.006056190E0
1.259320637E1,6.996608973E-1,8.483725600E-3,-1.029587626E0
1.260317937E1,6.663194299E-1,-9.208427370E-2,-9.692308903E-1
1.261315237E1,5.917754173E-1,-9.338043630E-2,-9.479887486E-1
1.262312537E1,5.398156643E-1,-1.558075994E-1,-9.424774051E-1
1.263309837E1,5.374925733E-1,-2.233458906E-1,-9.042426348E-1
1.264307137E1,5.790138245E-1,-2.284799218E-1,-8.502584696E-1
1.265304437E1,6.597600579E-1,-2.167649418E-1,-7.748209238E-1
1.266301737E1,7.323165536E-1,-2.128399462E-1,-6.062540412E-1
1.267299037E1,7.653509378E-1,-3.005325198E-1,-3.824609220E-1
1.268296338E1,7.286235690E-1,-3.881610036E-1,-6.013301015E-2
1.269293637E1,6.413999796E-1,-2.496103197E-1,1.298238784E-1
1.270291037E1,4.707782865E-1,-2.024706602E-1,2.702808380E-1
1.271288337E1,2.324176729E-1,-2.757363319E-1,3.657511473E-1
1.272285637E1,-9.127776138E-4,-2.921956480E-1,4.571864903E-1
1.273282937E1,-1.792215258E-1,-1.926176548E-1,4.996649623E-1
1.274280237E1,-2.846251726E-1,-1.260225028E-1,4.428399801E-1
1.275277537E1,-3.149980009E-1,-8.167473972E-2,3.041926026E-1
1.276274837E1,-2.809326947E-1,-5.741372705E-2,1.114438549E-1
1.277272137E1,-1.850756854E-1,-4.721219651E-3,-8.059056848E-2
1.278269437E1,-8.658382297E-2,4.153378308E-2,-2.665736675E-1
1.279266737E1,-2.908138186E-2,2.370551974E-2,-4.379507601E-1
1.280264037E1,-3.570616990E-2,9.773309529E-2,-7.034660578E-1
1.281261337E1,-9.176837653E-2,1.611256450E-1,-8.098945022E-1
1.282258637E1,-2.031216919E-1,1.922342777E-1,-7.580862045E-1
1.283255937E1,-3.671183586E-1,8.645138144E-2,-7.172756195E-1
1.284253237E1,-5.155491829E-1,8.864939213E-3,-6.946952939E-1
1.285250537E1,-5.983335376E-1,3.068128787E-2,-7.054667473E-1
1.286247837E1,-6.167559028E-1,9.190561622E-2,-7.306939960E-1
1.287245138E1,-5.866685510E-1,2.929257043E-2,-7.328024507E-1
1.288242537E1,-4.952231646E-1,-1.467607357E-2,-7.065740824E-1
1.289239837E1,-3.713683486E-1,-2.135687880E-2,-6.705089808E-1
1.290237137E1,-2.549205422E-1,-6.573830731E-3,-6.562704444E-1
1.291234437E1,-1.555963457E-1,-1.343546528E-2,-6.519915462E-1
1.292231737E1,-7.621400058E-2,-4.917526990E-2,-6.353209615E-1
1.293229037E1,-1.239161473E-2,-3.984089196E-2,-6.214674711E-1
1.294226337E1,3.113161214E-2,-1.321524847E-2,-6.186417937E-1
1.295223637E1,5.314343795E-2,-2.666021883E-2,-6.037347317E-1
1.296220937E1,5.285218731E-2,-3.704689443E-2,-5.801529884E-1
1.297218237E1,3.285264596E-2,8.815404028E-3,-5.425127149E-1
1.298215537E1,-2.770116553E-2,6.816155463E-2,-5.387816429E-1
1.299212837E1,-1.146994457E-1,9.214678407E-2,-5.207962394E-1
1.300210137E1,-2.082935721E-1,7.004611939E-2,-4.961870909E-1
1.301207437E1,-2.567580342E-1,7.957810163E-2,-5.019022226E-1
1.302204737E1,-2.472587079E-1,6.629612297E-2,-4.966025949E-1
1.303202037E1,-1.689748317E-1,5.537290126E-2,-4.611111879E-1
1.304199337E1,-7.097636163E-2,3.402728215E-2,-4.394357800E-1
1.305196737E1,1.151052676E-2,5.239137262E-2,-4.236613512E-1
1.306194037E1,5.009546876E-2,4.939931259E-2,-4.386538863E-1
1.307191337E1,3.250449151E-2,4.576356336E-2,-4.289807677E-1
1.308188637E1,-4.801240750E-3,4.964942113E-2,-4.088615477E-1
1.309185937E1,-3.605796397E-2,4.072596505E-2,-3.732558787E-1
1.310183237E1,-5.636181310E-2,3.157317638E-2,-3.470144570E-1
1.311180537E1,-5.395138264E-2,3.773573041E-2,-3.381211162E-1
1.312177838E1,-4.013346881E-2,6.281197071E-2,-3.497101068E-1
1.313175137E1,-4.305362701E-2,5.209807307E-2,-3.716486692E-1
1.314172437E1,-7.520849258E-2,6.486970186E-2,-3.875866830E-1
1.315169737E1,-1.045099199E-1,4.914719611E-2,-3.873326182E-1
1.316167037E1,-1.386981457E-1,2.401550859E-2,-3.757712543E-1
1.317164337E1,-1.344663799E-1,9.343089536E-3,-3.553045988E-1
1.318161637E1,-1.160887405E-1,2.577168308E-2,-3.570213318E-1
1.319158937E1,-7.505076379E-2,4.351259768E-2,-3.477636278E-1
1.320156237E1,-6.086248532E-2,4.078589380E-2,-3.398098946E-1
1.321153537E1,-5.119334534E-2,1.752397977E-2,-3.194391131E-1
1.322150837E1,-5.339630693E-2,3.981052712E-2,-3.040626049E-1
1.323148237E1,-6.511421502E-2,5.005544424E-2,-3.041507602E-1
1.324145537E1,-5.622226745E-2,3.526636958E-2,-2.831881642E-1
1.325142837E1,-2.862046473E-2,2.891393378E-2,-2.633151114E-1
1.326140137E1,1.037050225E-2,3.259203210E-2,-2.402431965E-1
1.327137437E1,4.982709885E-2,2.511041239E-2,-2.021245807E-1
1.328134737E1,5.860275030E-2,5.843515694E-2,-1.853060871E-1
1.329132037E1,1.418823842E-3,7.473583519E-2,-1.798977256E-1
1.330129337E1,-8.705653250E-2,6.388436258E-2,-1.653394401E-1
1.331126638E1,-1.619552672E-1,6.134983152E-2,-1.558045298E-1
1.332123937E1,-1.939062774E-1,5.070392415E-2,-1.402821988E-1
1.333121237E1,-1.644610465E-1,4.189498350E-2,-1.437179446E-1
1.334118537E1,-8.947061002E-2,1.101350226E-2,-1.520417035E-1
1.335115837E1,-9.602406062E-3,6.131928414E-3,-1.475955546E-1
1.336113137E1,4.517349228E-2,5.140966736E-3,-1.557195336E-1
1.337110437E1,5.488284305E-2,5.726329051E-3,-1.595366299E-1
1.338107737E1,4.091120139E-2,5.258789286E-3,-1.560077816E-1
1.339105037E1,2.947265655E-2,1.687150449E-2,-1.563808918E-1
1.340102337E1,2.602029406E-2,1.408896316E-2,-1.496171951E-1
1.341099737E1,1.968782954E-2,-4.456225317E-3,-1.450639814E-1
1.342097037E1,1.000468060E-2,-1.797576994E-2,-1.410560906E-1
1.343094337E1,6.523395889E-3,-3.022124991E-2,-1.358738542E-1
1.344091637E1,9.025877342E-3,-3.427347541E-2,-1.226075515E-1
1.345088937E1,2.594866604E-2,-2.107458375E-2,-1.142540127E-1
1.346086237E1,3.929046914E-2,-8.223760873E-3,-1.127108186E-1
1.347083537E1,3.520757705E-2,-2.360671200E-2,-1.038637981E-1
1.348080837E1,3.759141639E-2,-3.956020623E-2,-9.245885909E-2
1.349078137E1,3.604891524E-2,-3.763474151E-2,-8.835811913E-2
1.350075471E1,3.241880611E-2,-5.496513098E-2,-8.127665520E-2
1.351072771E1,3.013674170E-2,-2.955111861E-2,-7.410502434E-2
1.352070071E1,2.034769766E-2,-2.774706110E-2,-6.274753064E-2
1.353067371E1,1.694684103E-2,-4.488397017E-2,-5.705901608E-2
1.354064671E1,2.966548130E-2,-5.078294873E-2,-5.177694932E-2
1.355061971E1,4.495975003E-2,-4.431280121E-2,-4.795424640E-2
1.356059271E1,5.821420252E-2,-4.047510400E-2,-4.072004184E-2
1.357056571E1,5.579924583E-2,-4.552259296E-2,-2.905353345E-2
1.358053971E1,7.028320432E-2,-4.031154886E-2,-1.735179499E-2
1.359051271E1,7.510086894E-2,-3.017316386E-2,-1.198366098E-2
1.360048571E1,6.392527372E-2,-3.798303753E-2,-3.224350046E-3
1.361045871E1,5.050427467E-2,-5.445016176E-2,4.413862247E-3
1.362043171E1,2.957288548E-2,-1.723290235E-2,-6.274399348E-3
1.363040471E1,4.731985740E-3,-3.745348379E-2,5.351896398E-3
1.364037771E1,-2.065424435E-2,-8.542323485E-3,2.214837819E-3
1.365035071E1,-1.060106829E-1,5.377753638E-3,5.209296010E-3
1.366032371E1,-1.895108223E-1,-2.151960507E-2,7.781718858E-3
1.367029671E1,-1.839195043E-1,-3.035402391E-3,-3.827340261E-4
1.368026971E1,-8.457979560E-2,2.072802931E-2,1.304829842E-3
1.369024271E1,5.233977456E-3,4.036138207E-2,2.544791205E-4
1.370021571E1,1.194576733E-2,2.652835660E-2,5.726186559E-3
1.371018871E1,-6.510400772E-2,1.905232854E-2,1.716797589E-3
1.372016171E1,-1.722330451E-1,2.149474993E-2,-1.878394512E-3
1.373013471E1,-2.246507108E-1,1.147061307E-2,-6.221211050E-3
1.374010771E1,-1.791969538E-1,1.966555044E-2,-6.531023886E-3
1.375008171E1,-3.323442861E-2,4.924927652E-2,-2.969578607E-3
1.376005371E1,1.361489296E-1,7.808639109E-2,2.768983832E-3
1.377002771E1,1.648354381E-1,1.062112376E-1,-4.815965425E-3
1.378000071E1,3.797854483E-2,8.542031050E-2,-9.106786922E-3